,RouteId,Latitude,Longitude,Average_Temperature,Average_Wind_Speed,Average_Wind_Direction,Average_Cloud_Coverage,Average_Feels_Like_Temperature,Average_Min_Temperature,Average_Max_Temperature,Average_Pressure,Average_Humidity,Average_Main_Weather_Condition,FRC_Traffic,Current_Speed_Traffic,Free_Flow_Speed_Traffic,Current_Travel_Time_Traffic,Road_Closure_Traffic,Gas_Stations,Rest_Stops,Restaurants,Safety_Score
0,Route0,40.71455,-74.0071,8.73625,4.0075,248.5,80.875,6.62875,8.68,8.73625,1006.875,75.625,Clouds,FRC1,87.0,87.0,216.0,False,20.0,20.0,20.0,0.0123456790123456
1,Route0,40.75255,-74.19,8.6075,3.54375,246.875,80.75,6.6712500000000015,8.53625,8.6075,1006.625,75.375,Clouds,FRC4,36.0,36.0,47.0,False,20.0,20.0,20.0,0.1
2,Route0,40.84079,-74.33961,7.923750000000001,3.24625,240.625,80.75,5.96375,7.843750000000001,7.923750000000001,1006.75,79.25,Clouds,FRC1,79.0,79.0,22.0,False,20.0,20.0,20.0,0.0
3,Route0,40.90603,-74.49748,6.39,3.2649999999999997,236.5,82.0,4.1274999999999995,6.279999999999999,6.41125,1007.0,81.0,Clouds,FRC5,56.0,56.0,826.0,False,20.0,20.0,20.0,0.0
4,Route0,40.91235,-74.75774,5.90375,3.1250000000000004,235.375,84.125,3.7312499999999997,5.791249999999999,5.919999999999999,1006.625,83.125,Clouds,FRC0,115.0,115.0,395.0,False,20.0,20.0,0.0,0.0
5,Route0,40.92746,-75.08444,16.642500000000002,4.003749999999999,258.25,61.75,15.7925,16.32625,16.642500000000002,1012.375,54.75,Clouds,FRC0,98.0,98.0,198.0,False,20.0,20.0,14.0,0.5
6,Route0,40.99231,-75.14151,6.295000000000001,3.04875,254.25,81.75,4.21125,6.075,6.295000000000001,1007.375,82.125,Clouds,FRC0,102.0,102.0,44.0,False,20.0,20.0,15.0,0.0
7,Route0,40.98518,-75.22094,7.039999999999999,3.01875,252.375,82.375,5.108750000000001,6.91625,7.039999999999999,1005.75,82.75,Clouds,FRC4,65.0,65.0,346.0,False,20.0,20.0,20.0,0.5
8,Route0,41.06551,-75.35469,5.757499999999999,3.2625,255.0,83.375,3.3812499999999996,5.63875,5.76375,1006.625,83.5,Clouds,FRC4,78.0,78.0,131.0,False,20.0,20.0,8.0,0.0
9,Route0,41.0564,-75.79887,5.576250000000001,3.75,255.5,88.375,2.7437500000000004,5.47125,5.6375,1006.875,85.0,Clouds,FRC0,116.0,116.0,181.0,False,20.0,20.0,9.0,0.0
10,Route0,41.00869,-76.25913,6.8925,3.908749999999999,258.125,81.25,4.26375,6.77625,6.902500000000001,1007.375,82.625,Clouds,FRC0,117.0,117.0,65.0,False,15.0,15.0,0.0,0.0
11,Route0,41.02477,-76.41061,6.78,3.8875,258.375,84.75,4.108750000000001,6.59125,6.81,1010.5,80.625,Clouds,FRC0,120.0,120.0,393.0,False,20.0,20.0,14.0,0.0
12,Route0,40.99244,-76.65335,13.035000000000002,2.51875,286.5,62.625,12.028749999999999,12.373750000000001,13.035000000000002,1010.75,60.5,Clouds,FRC4,90.0,90.0,186.0,False,20.0,20.0,6.0,0.5
13,Route0,41.07384,-76.91985,6.782499999999999,3.335,256.625,90.25,4.531250000000001,6.52,6.782499999999999,1007.375,80.75,Clouds,FRC0,120.0,120.0,535.0,False,15.0,15.0,0.0,0.0
14,Route0,41.0452,-77.12031,6.646249999999999,4.145,263.75,83.125,3.83375,6.5,6.74625,1008.0,78.0,Clouds,FRC4,72.0,72.0,416.0,False,1.0,1.0,0.0,0.0
15,Route0,41.04864,-77.31755,6.574999999999999,4.45,264.25,90.75,3.6075000000000004,6.3575,6.73625,1007.75,82.5,Clouds,FRC4,78.0,78.0,519.0,False,20.0,20.0,2.0,0.0
16,Route0,41.04101,-77.46552,6.380000000000001,4.51,264.5,91.25,3.3362499999999997,6.175000000000001,6.563750000000001,1007.875,77.5,Clouds,FRC4,82.0,82.0,86.0,False,19.0,19.0,0.0,0.0
17,Route0,40.97094,-77.63857,5.8500000000000005,4.978749999999999,267.875,88.75,2.4662499999999996,5.635000000000001,6.031249999999999,1008.25,80.25,Clouds,FRC0,119.0,119.0,595.0,False,19.0,19.0,0.0,0.0
18,Route0,40.95581,-77.76165,5.8500000000000005,4.978749999999999,267.875,88.75,2.4662499999999996,5.635000000000001,6.031249999999999,1008.25,80.25,Clouds,FRC0,120.0,120.0,478.0,False,20.0,20.0,4.0,0.0
19,Route0,40.99102,-77.82741,5.8500000000000005,4.978749999999999,267.875,88.75,2.4662499999999996,5.635000000000001,6.031249999999999,1008.25,80.25,Clouds,FRC4,77.0,77.0,799.0,False,12.0,12.0,0.0,0.0
20,Route0,41.00336,-77.9808,5.836250000000001,4.978749999999999,267.875,88.75,2.4487499999999995,5.628749999999999,6.023750000000001,1008.25,80.25,Clouds,FRC0,119.0,119.0,689.0,False,2.0,2.0,0.0,0.0
21,Route0,40.97841,-78.1258,4.245,5.2325,266.25,88.875,0.36625,3.94625,4.390000000000001,1008.5,83.0,Clouds,FRC0,117.0,117.0,491.0,False,20.0,20.0,1.0,0.0
22,Route0,41.01424,-78.32053,14.175,2.31625,309.125,63.875,13.521249999999998,13.65625,14.175,1024.125,74.125,Clouds,FRC0,114.0,114.0,457.0,False,20.0,20.0,0.0,0.1666666666666666
23,Route0,41.12459,-78.60036,1.40875,1.805,230.125,99.75,-0.5325,1.27125,1.40875,1009.625,86.125,Clouds,FRC4,80.0,80.0,882.0,False,0.0,0.0,0.0,0.0
24,Route0,41.15598,-78.81517,4.168750000000001,4.975,261.5,91.625,0.37375,3.9025000000000003,4.23,1008.125,85.75,Rain,FRC4,89.0,89.0,206.0,False,20.0,20.0,1.0,0.0
25,Route0,41.16966,-79.0123,3.19,3.175,247.125,78.875,0.605,2.7424999999999997,3.19,1012.5,77.75,Clouds,FRC2,83.0,83.0,389.0,False,9.0,9.0,0.0,0.0
26,Route0,41.20005,-79.48697,10.413749999999999,2.7325,243.375,57.0,9.61,9.938749999999999,10.413749999999999,1013.125,67.625,Clouds,FRC4,82.0,82.0,109.0,False,7.0,7.0,0.0,0.0
27,Route0,41.18982,-79.85592,4.55875,4.6362499999999995,259.875,87.875,1.0225,3.9975,4.55875,1009.125,80.875,Clouds,FRC0,118.0,118.0,250.0,False,20.0,20.0,3.0,0.0
28,Route0,41.18689,-80.27463,7.75125,3.765,232.25,91.75,5.4775,7.62375,7.75125,1007.125,77.875,Clouds,FRC4,70.0,70.0,175.0,False,11.0,11.0,0.0,0.0
29,Route0,41.14843,-80.68966,5.055,4.55125,260.5,98.75,1.6887500000000002,4.5825,5.055,1009.875,74.75,Clouds,FRC4,56.0,56.0,377.0,False,20.0,20.0,20.0,0.0
30,Route0,41.11858,-80.79784,4.50375,4.6625000000000005,260.75,92.5,0.9537500000000001,3.985,4.50375,1009.125,78.25,Clouds,FRC0,103.0,103.0,127.0,False,20.0,20.0,12.0,0.0
31,Route0,41.14896,-80.8893,3.80625,2.92,264.5,79.625,1.8199999999999998,3.23875,3.80625,1014.75,77.5,Clouds,FRC0,120.0,120.0,270.0,False,20.0,20.0,1.0,0.5
32,Route0,41.23135,-80.97308,4.63875,4.786249999999999,260.625,91.75,1.055,4.3625,4.63875,1009.875,79.25,Clouds,FRC4,51.0,51.0,187.0,False,20.0,20.0,0.0,0.0
33,Route0,41.24256,-81.12775,6.59375,2.8474999999999993,207.0,82.0,4.7875,6.58625,6.6049999999999995,1005.5,81.875,Clouds,FRC0,120.0,120.0,314.0,False,20.0,20.0,2.0,0.0
34,Route0,41.2565,-81.55427,4.641249999999999,4.94125,262.125,100.0,0.9837499999999999,4.365,4.641249999999999,1010.0,78.25,Clouds,FRC0,120.0,120.0,523.0,False,20.0,20.0,5.0,0.0
35,Route0,41.32587,-81.79023,4.11125,5.80625,264.375,100.0,-0.09375,3.88,4.12375,1010.25,81.75,Clouds,FRC0,121.0,121.0,506.0,False,20.0,20.0,18.0,0.0
36,Route0,41.3793,-81.99297,4.57125,6.8125,265.375,100.0,0.08374999999999999,4.33875,4.57125,1010.125,81.125,Clouds,FRC4,37.0,37.0,123.0,False,20.0,20.0,20.0,0.0
37,Route0,41.37737,-82.24022,4.5912500000000005,7.296250000000001,266.5,99.75,-0.06999999999999998,4.359999999999999,4.5912500000000005,1010.25,79.375,Clouds,FRC0,123.0,123.0,807.0,False,20.0,20.0,10.0,0.2
38,Route0,41.3329,-82.42231,4.1575,5.641249999999999,264.75,97.75,0.03249999999999997,3.91375,4.18,1010.375,77.75,Clouds,FRC4,78.0,78.0,1342.0,False,18.0,18.0,0.0,0.0
39,Route0,41.33571,-82.69367,5.767500000000001,4.295,260.375,97.125,2.7012499999999995,5.281250000000001,5.767500000000001,1010.125,69.0,Rain,FRC0,122.0,122.0,481.0,False,8.0,8.0,1.0,0.0
40,Route0,41.38053,-83.00838,14.403749999999999,0.89125,237.75,79.75,13.94625,13.966250000000002,14.403749999999999,1024.25,78.375,Clouds,FRC0,122.0,122.0,226.0,False,13.0,13.0,0.0,0.5
41,Route0,41.59093,-83.64967,4.2075000000000005,5.5375000000000005,272.0,100.0,0.14125000000000004,3.9025,4.2075000000000005,1010.375,78.0,Clouds,FRC0,120.0,120.0,618.0,False,20.0,20.0,20.0,0.25
42,Route0,41.59062,-84.28704,3.6475,5.295,275.25,99.125,-0.44375,3.2975,3.6475,1011.25,81.375,Clouds,FRC0,113.0,113.0,594.0,False,13.0,13.0,0.0,0.0
43,Route0,41.65068,-84.84309,2.5337499999999995,4.865,281.625,100.0,-1.6012499999999998,2.4025,2.5337499999999995,1011.5,82.75,Clouds,FRC0,110.0,110.0,667.0,False,13.0,13.0,0.0,0.0
44,Route0,41.72471,-84.96553,14.676250000000001,0.96375,287.375,82.125,14.167499999999999,14.397499999999999,14.676250000000001,1024.25,75.375,Clouds,FRC4,85.0,85.0,327.0,False,20.0,20.0,1.0,0.5
45,Route0,41.75141,-85.1069,13.133750000000001,1.8775000000000002,278.25,77.375,12.4125,12.45125,13.133750000000001,1021.0,79.125,Clouds,FRC0,120.0,120.0,877.0,False,18.0,18.0,0.0,0.0
46,Route0,41.75404,-85.42501,11.525,3.4437499999999996,171.125,4.75,9.5775,10.035,11.525,1017.0,41.25,Clear,FRC0,120.0,120.0,277.0,False,20.0,20.0,1.0,0.0
47,Route0,41.73238,-86.01786,3.0962500000000004,4.0200000000000005,291.0,99.375,-0.40750000000000003,2.9524999999999997,3.0962500000000004,1011.875,79.375,Clouds,FRC3,70.0,70.0,65.0,False,20.0,20.0,3.0,0.0
48,Route0,41.72276,-86.2542,3.3762499999999998,3.75,294.75,99.625,0.13,3.20125,3.3762499999999998,1011.875,79.125,Clouds,FRC0,120.0,120.0,787.0,False,20.0,20.0,20.0,0.25
49,Route0,41.73878,-86.53544,3.6425,3.55875,282.5,80.75,0.8775000000000001,3.1875,3.6425,1012.75,75.375,Clouds,FRC0,120.0,120.0,506.0,False,17.0,17.0,1.0,0.0
50,Route0,41.57423,-86.96926,3.58625,5.668749999999999,314.75,96.625,-0.6712499999999999,3.58625,3.69125,1012.75,74.875,Clouds,FRC0,111.0,111.0,356.0,False,20.0,20.0,0.0,0.5
51,Route0,41.58137,-87.19455,4.066250000000001,5.285,261.5,99.125,0.10500000000000001,3.83375,4.088750000000001,1010.125,79.875,Clouds,FRC4,47.0,47.0,604.0,False,20.0,20.0,20.0,0.0
52,Route0,41.57782,-87.58204,2.1175,3.9649999999999994,295.5,99.25,-1.64,1.915,2.1175,1010.125,86.5,Clouds,FRC4,64.0,64.0,239.0,False,20.0,20.0,20.0,0.0833333333333333
53,Route0,41.53725,-87.96575,2.9925,2.55375,271.25,78.125,0.5499999999999999,2.87,2.9925,1012.875,77.25,Clouds,FRC4,47.0,47.0,45.0,False,20.0,20.0,1.0,0.0
54,Route0,41.48677,-88.18354,3.125,2.5362500000000003,273.5,79.375,0.72,3.01625,3.125,1013.0,77.875,Clouds,FRC0,121.0,121.0,219.0,False,20.0,20.0,11.0,0.3333333333333333
55,Route0,41.3843,-88.43032,6.39,3.2649999999999997,236.5,82.0,4.1274999999999995,6.279999999999999,6.41125,1007.0,81.0,Clouds,FRC0,121.0,121.0,347.0,False,20.0,20.0,20.0,0.0
56,Route0,41.37624,-88.61484,2.9699999999999998,2.33,227.5,76.0,0.7025,2.83,2.9699999999999998,1013.625,78.625,Clouds,FRC0,121.0,121.0,443.0,False,5.0,5.0,0.0,0.0
57,Route0,41.36456,-89.19348,3.3725000000000005,3.1537499999999996,289.25,96.5,0.835,3.075,3.3725000000000005,1012.375,77.625,Clouds,FRC0,122.0,122.0,427.0,False,20.0,20.0,0.0,0.5
58,Route0,41.39966,-89.44368,25.74375,2.33875,230.75,38.625,26.6,25.35125,25.74375,1016.0,77.5,Clouds,FRC0,120.0,120.0,251.0,False,20.0,20.0,12.0,0.0
59,Route0,41.39181,-89.65477,2.53875,1.9662500000000003,171.875,67.625,0.84375,2.01375,2.53875,1013.875,78.75,Clouds,FRC0,121.0,121.0,297.0,False,1.0,1.0,0.0,0.0
60,Route0,41.44039,-90.25909,4.61375,6.581249999999999,269.375,99.125,0.23625000000000007,4.58,4.955,1005.5,83.375,Rain,FRC0,118.0,118.0,445.0,False,8.0,8.0,0.0,0.3333333333333333
61,Route0,41.44333,-90.33006,1.605,1.6375,138.875,54.125,0.29500000000000004,1.2925,1.605,1013.625,82.125,Clouds,FRC0,110.0,110.0,118.0,False,20.0,20.0,2.0,0.0
62,Route0,41.51273,-90.34124,1.4137499999999998,1.65,135.625,54.25,0.08999999999999997,1.11875,1.4137499999999998,1013.625,82.125,Clouds,FRC0,116.0,116.0,120.0,False,20.0,20.0,0.0,0.0
63,Route0,41.573,-90.36048,1.4137499999999998,1.65,135.625,54.25,0.08999999999999997,1.11875,1.4137499999999998,1013.625,82.125,Clouds,FRC4,58.0,58.0,535.0,False,20.0,20.0,10.0,0.0
64,Route0,41.59756,-90.44576,1.66125,1.6449999999999998,132.75,54.875,0.36125,1.37,1.66125,1013.5,82.375,Clouds,FRC0,115.0,115.0,203.0,False,20.0,20.0,9.0,0.0
65,Route0,41.59979,-90.59268,1.6012499999999998,1.665,130.75,55.0,0.285,1.3275,1.6012499999999998,1013.5,82.375,Clouds,FRC0,118.0,118.0,261.0,False,20.0,20.0,11.0,0.3333333333333333
66,Route0,41.62602,-90.81651,1.195,1.8875,111.625,56.125,-0.5974999999999999,1.02125,1.195,1013.625,84.0,Clouds,FRC0,120.0,120.0,288.0,False,1.0,1.0,0.0,0.0
67,Route0,41.64646,-91.1615,1.55125,1.9737500000000001,117.75,66.375,-0.1974999999999999,1.3925,1.5762500000000002,1013.625,82.5,Clouds,FRC0,116.0,116.0,260.0,False,14.0,14.0,0.0,0.0
68,Route0,41.68569,-91.55964,1.65625,2.07125,125.375,66.0,-0.16624999999999995,1.5750000000000002,1.78375,1013.625,82.0,Clouds,FRC2,96.0,96.0,330.0,False,20.0,20.0,20.0,0.0
69,Route0,41.69642,-92.26264,4.822500000000001,6.34375,268.0,99.75,0.5999999999999999,4.7700000000000005,5.0237500000000015,1004.375,83.375,Clouds,FRC0,121.0,121.0,272.0,False,9.0,9.0,0.0,0.0
70,Route0,41.67172,-93.44576,1.91375,2.2087499999999998,140.625,66.5,0.08374999999999999,1.9025,2.22375,1012.875,76.375,Clouds,FRC0,102.0,102.0,109.0,False,20.0,20.0,2.0,0.0
71,Route0,41.65325,-93.57696,2.1887499999999998,2.125,187.25,58.25,0.445,2.1725,2.4812499999999997,1012.75,74.875,Clouds,FRC0,114.0,114.0,207.0,False,20.0,20.0,4.0,0.1428571428571428
72,Route0,41.65269,-93.72169,2.0187500000000003,2.1375,187.375,56.0,0.26749999999999996,1.99375,2.3025,1012.75,74.5,Clouds,FRC4,56.0,56.0,126.0,False,20.0,20.0,20.0,0.0
73,Route0,41.62466,-93.77702,2.0187500000000003,2.1375,187.375,56.0,0.26749999999999996,1.99375,2.3025,1012.75,74.5,Clouds,FRC4,76.0,76.0,49.0,False,20.0,20.0,20.0,0.0
74,Route0,41.56522,-93.86545,1.7525,2.1637500000000003,232.125,58.625,0.05874999999999997,1.7225000000000001,2.06625,1012.75,73.75,Clouds,FRC0,119.0,119.0,190.0,False,20.0,20.0,6.0,0.0
75,Route0,41.54508,-93.96918,17.771250000000002,3.13875,273.875,99.0,17.715,17.5075,17.771250000000002,1014.625,80.875,Clouds,FRC0,119.0,119.0,113.0,False,20.0,20.0,3.0,0.0
76,Route0,41.49324,-94.25015,8.298750000000002,4.8125,248.875,44.5,5.59875,7.4675,8.298750000000002,1013.125,67.0,Clouds,FRC0,120.0,120.0,226.0,False,4.0,4.0,0.0,0.0
77,Route0,41.49606,-94.46984,3.63875,2.2887500000000003,142.5,79.125,1.7162499999999998,3.18375,3.63875,1013.375,62.75,Clouds,FRC0,120.0,120.0,278.0,False,5.0,5.0,0.0,0.0
78,Route0,41.49814,-95.10159,1.48,3.0599999999999996,275.5,56.5,-1.5662500000000001,1.27375,1.5499999999999998,1013.0,71.5,Clouds,FRC0,120.0,120.0,288.0,False,2.0,2.0,0.0,0.0
79,Route0,41.49811,-95.55016,11.649999999999999,2.995,278.875,8.25,10.18625,11.21125,11.649999999999999,1016.875,52.875,Clear,FRC0,120.0,120.0,274.0,False,7.0,7.0,1.0,0.0
80,Route0,41.29424,-95.77575,2.03625,3.04,280.25,60.5,-0.9075,1.6124999999999998,2.03625,1012.625,70.625,Clouds,FRC4,36.0,36.0,173.0,False,20.0,20.0,0.0,0.0
81,Route0,41.23215,-95.90683,2.03625,3.04,280.25,60.5,-0.9075,1.6124999999999998,2.03625,1012.625,70.625,Clouds,FRC2,104.0,104.0,36.0,False,20.0,20.0,20.0,0.0
82,Route0,41.22395,-96.02253,1.92625,3.0825,279.5,61.0,-1.085,1.4725,1.92625,1012.5,70.375,Clouds,FRC4,59.0,59.0,99.0,False,20.0,20.0,20.0,0.0
83,Route0,41.18781,-96.10539,1.9337499999999999,3.0825,279.5,61.0,-1.07375,1.4725,1.9337499999999999,1012.5,70.25,Clouds,FRC3,74.0,74.0,65.0,False,20.0,20.0,20.0,0.0
84,Route0,41.11611,-96.21801,17.085,3.2362499999999996,273.125,75.0,16.48375,16.822499999999998,17.085,1017.0,62.625,Clouds,FRC0,124.0,124.0,316.0,False,20.0,20.0,0.0,0.0
85,Route0,41.00233,-96.32465,3.9625,5.0525,263.75,92.0,0.10249999999999998,3.59625,3.9625,1011.25,78.5,Clouds,FRC0,127.0,127.0,240.0,False,20.0,20.0,0.0,0.5
86,Route0,40.94137,-96.42889,14.6175,3.7425,254.375,59.25,13.632499999999999,14.213750000000001,14.6175,1012.375,59.625,Clouds,FRC2,73.0,73.0,43.0,False,17.0,17.0,0.0,0.0
87,Route0,40.89704,-96.63565,1.70625,3.9787500000000002,278.875,51.875,-1.9874999999999998,1.5274999999999999,1.7349999999999999,1012.875,72.25,Clouds,FRC4,42.0,56.0,85.0,False,20.0,20.0,0.0,0.2
88,Route0,40.81683,-96.78149,1.8450000000000002,4.052499999999999,279.0,51.625,-1.8487500000000001,1.6787500000000002,2.01875,1013.0,71.625,Clouds,FRC0,49.0,125.0,709.0,False,20.0,20.0,3.0,0.2
89,Route0,40.82254,-97.20085,1.0475,4.045,280.0,50.125,-2.8537500000000002,0.8474999999999998,1.12125,1013.625,72.875,Clouds,FRC0,124.0,124.0,280.0,False,19.0,19.0,1.0,0.0
90,Route0,40.82212,-97.52857,6.8149999999999995,4.075,267.125,83.75,4.09,6.6499999999999995,6.8325,1009.0,76.625,Clouds,FRC0,124.0,124.0,184.0,False,7.0,7.0,0.0,0.5
91,Route0,40.82232,-98.15532,0.45000000000000007,3.7762499999999997,272.0,34.875,-3.4587499999999993,-0.11374999999999968,0.45000000000000007,1013.875,75.75,Clouds,FRC0,123.0,123.0,281.0,False,0.0,0.0,0.0,0.0
92,Route0,40.81958,-98.38626,1.935,4.55,279.875,23.25,-2.06625,1.36,1.935,1013.75,68.125,Clear,FRC0,125.0,125.0,257.0,False,20.0,20.0,6.0,0.0
93,Route0,40.75202,-98.61468,5.404999999999999,2.9187499999999997,122.875,67.625,3.0987499999999994,5.19375,5.404999999999999,1012.5,81.5,Clouds,FRC0,124.0,124.0,278.0,False,5.0,5.0,1.0,0.0
94,Route0,40.66992,-99.06048,2.3649999999999998,4.12375,283.875,23.0,-1.3149999999999997,1.60875,2.3649999999999998,1012.625,60.125,Clear,FRC2,102.0,102.0,491.0,False,20.0,20.0,20.0,0.5
95,Route0,40.72211,-99.69431,4.5225,2.6225,190.75,63.75,2.7375,3.71375,4.5225,1012.75,82.25,Clear,FRC0,122.0,122.0,511.0,False,0.0,0.0,0.0,0.0666666666666666
96,Route0,40.99302,-100.33223,13.604999999999999,3.71625,148.5,0.0,12.0425,12.19875,13.604999999999999,1018.5,30.375,Clear,FRC0,124.0,124.0,520.0,False,0.0,0.0,0.0,0.0
97,Route0,41.13217,-100.93333,7.28625,4.07375,265.875,94.5,4.6537500000000005,7.034999999999999,7.3012500000000005,1008.125,78.375,Clouds,FRC0,124.0,124.0,534.0,False,2.0,2.0,0.0,0.0
98,Route0,41.08037,-101.88265,3.1975,5.595000000000001,282.75,43.25,-0.6700000000000004,2.8474999999999997,3.21375,1013.75,52.375,Clear,FRC0,124.0,124.0,454.0,False,20.0,20.0,0.0,0.0
99,Route0,41.02224,-102.16295,0.028750000000000164,2.92375,256.625,66.25,-3.115,0.028750000000000164,0.48875000000000013,1012.625,75.75,Clouds,FRC0,125.0,125.0,294.0,False,1.0,1.0,0.0,0.0
100,Route0,40.95942,-102.2582,3.9375,5.9312499999999995,283.875,48.5,0.10249999999999998,3.29125,3.9375,1014.5,51.0,Clouds,FRC0,129.0,129.0,315.0,False,20.0,20.0,2.0,0.0
101,Route0,40.86451,-102.65661,4.85375,2.08,182.375,99.625,3.44,4.72375,4.85375,1021.125,96.0,Rain,FRC0,128.0,128.0,363.0,False,1.0,1.0,0.0,0.0
102,Route0,40.67631,-103.11095,5.0725,3.6262499999999998,280.125,63.75,2.22625,4.89875,5.08125,1013.125,74.625,Clouds,FRC0,127.0,127.0,430.0,False,3.0,3.0,0.0,0.0
103,Route0,40.43965,-103.3177,3.0299999999999994,9.07625,269.875,88.375,-2.535,3.0299999999999994,3.5275,1010.5,55.375,Clouds,FRC2,98.0,98.0,408.0,False,0.0,0.0,0.0,0.0
104,Route0,40.29408,-103.5404,4.355,4.86625,248.25,46.875,1.5599999999999996,4.13625,4.4125,1014.375,40.5,Clouds,FRC0,126.0,126.0,178.0,False,4.0,4.0,1.0,0.0
105,Route0,40.25954,-103.87344,4.15,5.108750000000001,251.5,49.875,1.2262500000000003,3.93375,4.20125,1014.375,40.75,Clouds,FRC0,128.0,128.0,117.0,False,20.0,20.0,2.0,0.0
106,Route0,40.16506,-104.44415,4.3425,5.19875,204.5,54.25,0.8412499999999998,4.2225,4.49625,1013.625,40.875,Clouds,FRC4,69.0,69.0,25.0,False,1.0,1.0,0.0,0.0
107,Route0,40.098,-104.6088,8.716249999999999,3.8525,247.875,81.0,6.66625,8.655,8.716249999999999,1006.625,75.875,Clouds,FRC0,126.0,126.0,295.0,False,15.0,15.0,0.0,0.5
108,Route0,39.95198,-104.77636,5.0775,7.16375,269.5,93.0,0.5825,4.97375,5.29875,1005.25,82.125,Rain,FRC0,123.0,123.0,176.0,False,20.0,20.0,20.0,0.0
109,Route0,39.82425,-104.96102,5.1775,2.04625,173.0,71.75,3.62875,5.175000000000001,5.36375,1013.25,41.25,Clouds,FRC4,40.0,43.0,76.0,False,20.0,20.0,20.0,0.04
110,Route0,39.74699,-105.15136,5.37375,1.6162500000000002,210.75,57.0,4.10125,5.37375,5.7525,1012.75,47.25,Clouds,FRC2,71.0,71.0,13.0,False,20.0,20.0,20.0,0.0
111,Route0,39.69822,-105.22627,5.36875,1.6162500000000002,210.75,57.0,4.0962499999999995,5.36875,5.7525,1012.75,47.25,Clouds,FRC0,112.0,112.0,123.0,False,20.0,20.0,7.0,0.0
112,Route0,39.7033,-105.33969,2.79,2.675,272.5,47.625,0.22000000000000008,2.79,3.0175,1013.0,50.25,Clouds,FRC0,106.0,106.0,453.0,False,20.0,20.0,20.0,0.3333333333333333
113,Route0,39.74138,-105.49591,1.9012499999999999,8.145,282.25,23.625,-3.8787499999999997,1.9012499999999999,2.2024999999999997,1013.0,62.75,Clear,FRC0,74.0,105.0,204.0,False,20.0,20.0,20.0,0.0
114,Route0,39.7576,-105.65681,1.9012499999999999,8.145,282.25,23.625,-3.8787499999999997,1.9012499999999999,2.2024999999999997,1013.0,62.75,Clear,FRC0,74.0,108.0,319.0,False,20.0,20.0,6.0,0.0
115,Route0,39.70838,-105.69894,14.747499999999999,3.9475,196.75,21.25,13.16875,13.76125,14.747499999999999,1018.0,35.75,Clear,FRC0,34.0,109.0,737.0,False,20.0,20.0,12.0,0.5
116,Route0,39.69283,-105.8164,1.9012499999999999,8.145,282.25,23.625,-3.8787499999999997,1.9012499999999999,2.2024999999999997,1013.0,62.75,Clear,FRC0,38.0,103.0,1693.0,False,4.0,4.0,0.0,0.0
117,Route0,39.65086,-106.01731,16.81,4.14625,254.875,86.125,16.111250000000002,16.4775,16.814999999999998,1011.875,59.875,Clouds,FRC4,50.0,66.0,453.0,False,18.0,18.0,0.0,0.0
118,Route0,39.55068,-106.13678,12.540000000000001,3.35375,169.0,0.25,10.790000000000001,11.413750000000002,12.540000000000001,1017.125,37.375,Clear,FRC0,77.0,106.0,146.0,False,5.0,5.0,0.0,0.0
119,Route0,39.50351,-106.15218,12.540000000000001,3.35375,169.0,0.25,10.790000000000001,11.413750000000002,12.540000000000001,1017.125,37.375,Clear,FRC0,54.0,100.0,547.0,True,20.0,20.0,18.0,0.0
120,Route0,39.54644,-106.21923,13.436250000000001,1.4162499999999998,149.0,21.375,12.037500000000001,12.16875,13.436250000000001,1018.125,28.375,Clouds,FRC0,55.0,102.0,1105.0,False,10.0,10.0,0.0,0.0
121,Route0,39.64572,-106.3356,13.436250000000001,1.4162499999999998,149.0,21.375,12.037500000000001,12.16875,13.436250000000001,1018.125,28.375,Clouds,FRC4,45.0,56.0,868.0,False,20.0,20.0,2.0,0.0
122,Route0,39.62118,-106.47633,4.69625,7.518749999999999,265.5,99.875,-0.009999999999999926,4.472499999999999,4.69625,1010.125,81.5,Clouds,FRC0,118.0,118.0,188.0,False,20.0,20.0,10.0,0.0
123,Route0,39.66151,-106.63998,-0.28124999999999983,2.0125,232.75,90.25,-2.7537499999999997,-0.4762499999999999,-0.28124999999999983,1022.5,91.25,Snow,FRC0,119.0,119.0,308.0,False,20.0,20.0,1.0,0.0
124,Route0,39.69697,-106.74122,6.14,1.9175,108.5,99.375,4.93625,6.02125,6.1450000000000005,1022.125,91.5,Clouds,FRC0,121.0,121.0,480.0,False,1.0,1.0,0.0,0.5
125,Route0,39.65411,-106.86632,6.14,1.9175,108.5,99.375,4.93625,6.02125,6.1450000000000005,1022.125,91.5,Clouds,FRC0,124.0,124.0,259.0,False,20.0,20.0,3.0,0.5
126,Route0,39.60871,-107.15405,2.1799999999999997,1.6800000000000002,261.75,95.125,0.6212500000000001,1.7850000000000001,2.1799999999999997,1023.875,93.0,Snow,FRC0,98.0,98.0,251.0,False,6.0,6.0,0.0,0.0
127,Route0,39.56691,-107.27171,2.1799999999999997,1.6800000000000002,261.75,95.125,0.6212500000000001,1.7850000000000001,2.1799999999999997,1023.875,93.0,Snow,FRC0,102.0,102.0,132.0,False,16.0,16.0,0.0,0.0
128,Route0,39.56095,-107.40567,2.1799999999999997,1.6800000000000002,261.75,95.125,0.6212500000000001,1.7850000000000001,2.1799999999999997,1023.875,93.0,Snow,FRC0,125.0,125.0,362.0,False,6.0,6.0,0.0,0.0
129,Route0,39.53284,-107.69433,2.745,0.585,224.125,95.875,2.745,1.695,2.745,1024.25,84.25,Snow,FRC0,123.0,123.0,163.0,False,20.0,20.0,0.0,0.0
130,Route0,39.52038,-107.84762,3.0375,0.5375000000000001,164.625,95.125,3.0375,1.7125,3.0375,1024.25,83.5,Snow,FRC0,127.0,127.0,303.0,False,15.0,15.0,0.0,0.0
131,Route0,39.42121,-108.08682,3.7925000000000004,0.97,129.25,88.875,3.40125,2.51625,3.7925000000000004,1024.625,90.25,Clouds,FRC0,124.0,124.0,601.0,False,3.0,3.0,0.0,0.0
132,Route0,39.33336,-108.19535,3.7925000000000004,0.97,129.25,88.875,3.40125,2.51625,3.7925000000000004,1024.625,90.25,Clouds,FRC0,116.0,116.0,631.0,False,20.0,20.0,2.0,0.0
133,Route0,39.22649,-108.25797,3.7925000000000004,0.97,129.25,88.875,3.40125,2.51625,3.7925000000000004,1024.625,90.25,Clouds,FRC0,114.0,114.0,98.0,False,0.0,0.0,0.0,0.0
134,Route0,39.11839,-108.32834,5.255000000000001,1.03,124.125,81.5,4.96375,4.477499999999999,5.255000000000001,1022.875,70.375,Clouds,FRC0,121.0,121.0,226.0,False,20.0,20.0,9.0,0.0
135,Route0,39.11554,-108.54479,5.94375,1.08,164.875,79.5,5.67875,4.9025,5.94375,1022.625,66.0,Clouds,FRC0,120.0,120.0,297.0,False,20.0,20.0,20.0,0.0
136,Route0,39.17747,-108.80473,5.41875,0.8787499999999999,115.375,78.375,5.2525,4.125,5.41875,1022.625,69.25,Clouds,FRC0,124.0,124.0,425.0,False,20.0,20.0,1.0,0.0
137,Route0,39.21929,-108.96071,3.9287499999999995,2.1525,234.25,84.125,2.56125,3.17625,3.9287499999999995,1013.0,75.75,Clouds,FRC0,124.0,124.0,283.0,False,1.0,1.0,0.0,0.0
138,Route0,39.19058,-109.08982,6.157500000000001,2.6887500000000006,207.75,79.5,4.265,6.157500000000001,6.255000000000001,1005.5,85.875,Rain,FRC0,126.0,126.0,244.0,False,1.0,1.0,0.0,0.0
139,Route0,39.10593,-109.19461,6.157500000000001,2.6887500000000006,207.75,79.5,4.265,6.157500000000001,6.255000000000001,1005.5,85.875,Rain,FRC0,129.0,129.0,428.0,False,0.0,0.0,0.0,0.0
140,Route0,38.93307,-109.42833,6.157500000000001,2.6887500000000006,207.75,79.5,4.265,6.157500000000001,6.255000000000001,1005.5,85.875,Rain,FRC0,130.0,130.0,269.0,False,0.0,0.0,0.0,0.0
141,Route0,38.94447,-109.80392,6.157500000000001,2.6887500000000006,207.75,79.5,4.265,6.157500000000001,6.255000000000001,1005.5,85.875,Rain,FRC0,128.0,128.0,295.0,False,7.0,7.0,0.0,0.0
142,Route0,38.95976,-110.06167,2.6937499999999996,10.62125,272.375,93.375,-3.6237500000000002,2.60625,2.6937499999999996,1015.25,69.875,Clouds,FRC0,124.0,124.0,189.0,False,2.0,2.0,0.0,0.0
143,Route0,38.96448,-110.28079,2.6937499999999996,10.62125,272.375,93.375,-3.6237500000000002,2.60625,2.6937499999999996,1015.25,69.875,Clouds,FRC0,104.0,104.0,358.0,False,0.0,0.0,0.0,0.0
144,Route0,38.89352,-110.62527,2.38125,10.6025,271.75,88.0,-4.036250000000001,2.1,2.38125,1015.125,72.875,Clouds,FRC0,121.0,121.0,304.0,False,0.0,0.0,0.0,0.0
145,Route0,38.84504,-111.05852,3.5275,3.5687499999999996,289.25,74.75,0.3325000000000001,3.5175,3.56625,1022.5,90.25,Snow,FRC0,125.0,125.0,379.0,False,0.0,0.0,0.0,0.0
146,Route0,38.75707,-111.4369,4.7387500000000005,5.29875,271.5,35.125,1.1375,4.56375,4.8275,1008.5,59.5,Clouds,FRC0,117.0,117.0,581.0,False,2.0,2.0,0.0,0.5
147,Route0,38.8545,-111.54917,4.7387500000000005,5.29875,271.5,35.125,1.1375,4.56375,4.8275,1008.5,59.5,Clouds,FRC0,111.0,111.0,619.0,False,0.0,0.0,0.0,0.5
148,Route0,38.9052,-111.69013,4.7775,5.29875,271.5,35.125,1.1874999999999998,4.58375,4.84625,1008.5,59.5,Clouds,FRC0,111.0,111.0,619.0,False,0.0,0.0,0.0,0.5
149,Route0,38.93325,-111.80241,4.7775,5.29875,271.5,35.125,1.1874999999999998,4.58375,4.84625,1008.5,59.5,Clouds,FRC0,127.0,127.0,355.0,False,0.0,0.0,0.0,0.5
150,Route0,38.89125,-111.90744,4.68,3.0324999999999998,203.25,57.25,2.16625,4.404999999999999,4.68,1012.5,42.375,Clouds,FRC3,97.0,97.0,564.0,False,1.0,1.0,0.0,0.5
151,Route0,38.7875,-112.08886,0.2137499999999999,2.1062499999999997,159.875,59.25,-2.2699999999999996,-0.22875,0.2137499999999999,1011.875,80.75,Clouds,FRC0,126.0,126.0,279.0,False,20.0,20.0,13.0,0.0
152,Route0,38.57932,-112.28312,10.76125,2.11375,298.625,3.125,9.17125,8.6175,10.76125,1016.25,50.625,Clear,FRC0,119.0,119.0,464.0,False,5.0,5.0,0.0,0.0
153,Route0,38.55446,-112.42103,10.76125,2.11375,298.625,3.125,9.17125,8.6175,10.76125,1016.25,50.625,Clear,FRC0,115.0,115.0,462.0,False,1.0,1.0,0.0,0.0
154,Route0,38.60511,-112.53861,0.0,0.0,0.0,0.0,0.0,0.0,0.0,0.0,0.0,,FRC0,113.0,113.0,324.0,False,0.0,0.0,0.0,0.0
155,Route0,38.57439,-112.60683,0.0,0.0,0.0,0.0,0.0,0.0,0.0,0.0,0.0,,FRC0,128.0,128.0,102.0,False,0.0,0.0,0.0,0.0
156,Route0,38.49589,-112.61696,8.571250000000001,4.13875,209.0,78.125,6.6425,8.571250000000001,8.66,1006.375,75.0,Clouds,FRC0,129.0,129.0,368.0,False,0.0,0.0,0.0,0.5
157,Route0,38.32686,-112.6563,5.69375,4.359999999999999,259.75,89.625,2.6012500000000003,5.043749999999999,5.69375,1010.375,71.875,Clouds,FRC0,130.0,130.0,403.0,False,4.0,4.0,0.0,0.0
158,Route0,38.11901,-112.63789,5.64875,1.8575000000000002,222.0,51.25,4.4925,4.785,5.64875,1022.875,67.75,Clouds,FRC0,131.0,131.0,302.0,False,0.0,0.0,0.0,0.0
159,Route0,37.91562,-112.77326,5.75625,1.74375,218.125,50.875,4.688750000000001,4.9825,5.75625,1022.5,68.625,Clouds,FRC0,130.0,130.0,222.0,False,3.0,3.0,0.0,0.0
160,Route0,37.77604,-112.99291,6.039999999999999,1.885,183.75,47.125,5.077500000000001,5.321249999999999,6.039999999999999,1022.5,59.75,Clouds,FRC4,69.0,69.0,23.0,False,13.0,13.0,0.0,0.0
161,Route0,37.66147,-113.08036,6.039999999999999,1.885,183.75,47.125,5.077500000000001,5.321249999999999,6.039999999999999,1022.5,59.75,Clouds,FRC0,130.0,130.0,398.0,False,20.0,20.0,20.0,0.0
162,Route0,37.48745,-113.21943,16.669999999999998,2.6187500000000004,277.0,74.375,16.05625,16.45875,16.669999999999998,1015.25,63.75,Clouds,FRC0,131.0,131.0,149.0,False,11.0,11.0,0.0,0.0
163,Route0,37.32563,-113.28592,10.43875,0.91875,120.5,65.75,9.4175,9.54875,10.43875,1022.75,51.125,Clouds,FRC0,129.0,129.0,242.0,False,2.0,2.0,0.0,0.5
164,Route0,37.17581,-113.42964,10.44375,1.00375,129.75,54.0,9.40125,9.52625,10.44375,1022.75,49.0,Clouds,FRC0,113.0,113.0,130.0,False,20.0,20.0,3.0,0.5
165,Route0,37.04395,-113.59233,0.0,0.0,0.0,0.0,0.0,0.0,0.0,0.0,0.0,,FRC0,118.0,118.0,98.0,False,20.0,20.0,14.0,0.0
166,Route0,36.97025,-113.71899,9.5525,4.89375,182.25,12.375,7.305,8.5025,9.5525,1016.75,32.375,Clear,FRC0,115.0,115.0,451.0,False,1.0,1.0,0.0,0.0
167,Route0,36.9158,-113.84476,9.5525,4.89375,182.25,12.375,7.305,8.5025,9.5525,1016.75,32.375,Clear,FRC0,123.0,123.0,382.0,False,6.0,6.0,0.0,0.0
168,Route0,36.76425,-114.17964,13.20875,3.7512499999999998,242.625,0.0,11.43375,12.28125,13.20875,1017.375,37.25,Clear,FRC0,125.0,125.0,545.0,False,2.0,2.0,0.0,0.0
169,Route0,36.76725,-114.33218,13.20875,3.7512499999999998,242.625,0.0,11.43375,12.28125,13.20875,1017.375,37.25,Clear,FRC0,125.0,125.0,302.0,False,0.0,0.0,0.0,0.0
170,Route0,36.61931,-114.62,13.92875,0.74875,115.5,86.375,12.438749999999999,13.41125,13.92875,1021.375,40.625,Clouds,FRC0,126.0,126.0,241.0,False,1.0,1.0,0.0,0.0
171,Route0,36.46476,-114.83052,13.92875,0.74875,115.5,86.375,12.438749999999999,13.41125,13.92875,1021.375,40.625,Clouds,FRC0,125.0,125.0,528.0,False,2.0,2.0,0.0,0.0
172,Route0,36.31108,-114.95078,13.835,1.08875,67.0,66.625,12.21125,13.10375,13.835,1021.625,35.875,Clouds,FRC4,67.0,67.0,180.0,False,10.0,10.0,0.0,0.0
173,Route0,36.19606,-115.13878,13.835,1.08875,67.0,66.625,12.21125,13.10375,13.835,1021.625,35.875,Clouds,FRC4,57.0,57.0,140.0,False,20.0,20.0,20.0,0.0
174,Route0,35.96094,-115.18198,13.754999999999999,0.79,113.875,67.0,12.138749999999998,13.09,13.754999999999999,1021.5,36.5,Clouds,FRC0,130.0,130.0,574.0,False,20.0,20.0,11.0,0.0714285714285714
175,Route0,35.67611,-115.37766,11.55625,1.40625,152.625,93.75,11.31,10.74625,11.55625,1017.0,94.75,Rain,FRC0,119.0,119.0,248.0,False,0.0,0.0,0.0,0.0
176,Route0,35.5235,-115.42759,0.0,0.0,0.0,0.0,0.0,0.0,0.0,0.0,0.0,,FRC0,105.0,105.0,273.0,False,2.0,2.0,0.0,0.0
177,Route0,35.46809,-115.48894,0.0,0.0,0.0,0.0,0.0,0.0,0.0,0.0,0.0,,FRC4,0.0,1.0,0.0,True,2.0,2.0,0.0,0.0
178,Route0,35.40162,-115.79606,15.608750000000004,2.94375,274.5,70.125,14.76125,14.863750000000003,15.608750000000004,1017.0,58.875,Clouds,FRC0,122.0,122.0,505.0,False,2.0,2.0,0.0,0.0
179,Route0,35.24613,-116.09406,15.608750000000004,2.94375,274.5,70.125,14.76125,14.863750000000003,15.608750000000004,1017.0,58.875,Clouds,FRC0,124.0,124.0,271.0,False,18.0,18.0,3.0,0.0
180,Route0,35.12136,-116.23032,15.608750000000004,2.94375,274.5,70.125,14.76125,14.863750000000003,15.608750000000004,1017.0,58.875,Clouds,FRC0,119.0,119.0,429.0,False,3.0,3.0,0.0,0.0
181,Route0,35.06323,-116.42449,15.608750000000004,2.94375,274.5,70.125,14.76125,14.863750000000003,15.608750000000004,1017.0,58.875,Clouds,FRC0,120.0,120.0,350.0,False,4.0,4.0,0.0,0.0
182,Route0,34.91892,-116.76799,13.5275,1.16625,242.375,63.625,12.5125,12.60875,13.5275,1021.625,40.625,Clouds,FRC4,80.0,80.0,503.0,False,10.0,10.0,1.0,0.0
183,Route0,34.87034,-117.07715,13.16375,0.95875,218.25,69.25,12.2375,12.216250000000002,13.16375,1021.25,45.0,Clouds,FRC0,126.0,126.0,265.0,False,20.0,20.0,20.0,0.0
184,Route0,34.66536,-117.21081,11.267500000000002,1.22375,213.75,74.125,10.318749999999998,10.103750000000002,11.267500000000002,1021.5,50.25,Clouds,FRC4,82.0,82.0,230.0,False,1.0,1.0,0.0,0.0
185,Route0,34.46902,-117.34744,11.133750000000001,1.24375,173.5,81.5,10.1125,10.196250000000001,11.133750000000001,1019.625,46.5,Clouds,FRC2,69.0,69.0,115.0,False,20.0,20.0,20.0,0.0
186,Route0,34.34764,-117.44862,13.188749999999999,2.50125,328.25,74.5,11.72125,12.01125,13.188749999999999,1021.25,39.75,Clouds,FRC0,114.0,114.0,258.0,False,14.0,14.0,0.0,0.2
187,Route0,34.32322,-117.48229,13.188749999999999,2.50125,328.25,74.5,11.72125,12.01125,13.188749999999999,1021.25,39.75,Clouds,FRC4,62.0,62.0,23.0,False,20.0,20.0,4.0,0.2
188,Route0,34.26426,-117.44968,13.188749999999999,2.50125,328.25,74.5,11.72125,12.01125,13.188749999999999,1021.25,39.75,Clouds,FRC4,94.0,94.0,390.0,False,13.0,13.0,0.0,0.2
189,Route0,34.18414,-117.43435,13.0975,2.4225,329.125,68.75,11.695,11.86,13.0975,1021.25,42.75,Clouds,FRC4,66.0,66.0,75.0,False,20.0,20.0,5.0,0.2
190,Route0,34.13673,-117.54784,17.365,1.49875,137.75,89.375,16.17875,16.8475,17.365,1020.125,39.125,Clouds,FRC6,61.0,61.0,178.0,False,20.0,20.0,20.0,0.0
191,Route0,34.11773,-117.84925,18.55625,1.3575000000000002,123.125,67.125,17.4825,18.139999999999997,18.561249999999998,1019.875,38.875,Clouds,FRC4,40.0,40.0,145.0,False,20.0,20.0,20.0,0.0
192,Route0,34.13292,-117.95181,18.876250000000002,1.0262499999999999,220.5,68.125,17.89375,18.490000000000002,18.900000000000002,1019.5,41.125,Clouds,FRC4,66.0,66.0,120.0,False,20.0,20.0,20.0,0.0
193,Route0,34.07426,-117.99907,18.876250000000002,1.0262499999999999,220.5,68.125,17.89375,18.490000000000002,18.900000000000002,1019.5,41.125,Clouds,FRC4,38.0,47.0,119.0,False,20.0,20.0,20.0,0.0
194,Route0,34.05535,-118.21368,18.090000000000003,1.2112500000000002,217.75,67.75,17.112499999999997,17.7875,18.118750000000002,1020.25,44.375,Clouds,FRC4,91.0,91.0,346.0,False,20.0,20.0,20.0,0.005813953488372
195,Route0,34.05358,-118.24544,18.090000000000003,1.2112500000000002,217.75,67.75,17.112499999999997,17.7875,18.118750000000002,1020.25,44.375,Clouds,FRC2,93.0,93.0,409.0,False,20.0,20.0,20.0,0.005813953488372
196,Route1,40.71455,-74.0071,8.73625,4.0075,248.5,80.875,6.62875,8.68,8.73625,1006.875,75.625,Clouds,FRC0,87.0,87.0,108.0,False,20.0,20.0,20.0,0.0123456790123456
197,Route1,40.73462,-74.10708,8.53875,3.49,247.875,80.375,6.62,8.48375,8.53875,1006.875,74.875,Clouds,FRC1,93.0,93.0,126.0,False,20.0,20.0,20.0,0.0
198,Route1,40.71162,-74.19813,8.6075,3.54375,246.875,80.75,6.6712500000000015,8.53625,8.6075,1006.625,75.375,Clouds,FRC2,78.0,78.0,112.0,False,20.0,20.0,20.0,0.1
199,Route1,40.66455,-74.41872,8.00625,3.215,231.5,84.625,6.08125,7.875000000000001,8.00625,1006.875,77.875,Clouds,FRC0,114.0,114.0,154.0,False,20.0,20.0,20.0,0.0
200,Route1,40.63372,-74.90835,3.4524999999999997,4.51,288.625,99.75,-0.30374999999999996,3.24375,3.4524999999999997,1009.625,81.625,Rain,FRC3,78.0,78.0,180.0,False,20.0,20.0,20.0,0.3333333333333333
201,Route1,40.67092,-75.13198,4.00375,3.4587499999999993,240.0,55.5,1.1175000000000002,3.6899999999999995,4.00375,1013.875,73.875,Clouds,FRC3,64.0,64.0,476.0,False,20.0,20.0,20.0,0.0
202,Route1,40.65159,-75.24529,7.3637500000000005,3.655,268.0,93.5,5.1362499999999995,7.18125,7.3637500000000005,1007.5,81.0,Clouds,FRC0,114.0,114.0,216.0,False,20.0,20.0,2.0,0.5
203,Route1,40.57997,-75.38787,7.513749999999999,3.64625,246.875,86.75,5.2575,7.393749999999999,7.513749999999999,1007.625,81.0,Clouds,FRC4,41.0,41.0,85.0,False,20.0,20.0,12.0,0.0
204,Route1,40.57658,-75.64289,7.3050000000000015,3.7800000000000002,250.625,89.125,4.916250000000001,7.1625,7.3050000000000015,1007.625,80.5,Clouds,FRC4,70.0,70.0,931.0,False,20.0,20.0,20.0,0.0
205,Route1,40.56241,-75.98374,4.862499999999999,8.64625,271.125,99.875,-0.10499999999999989,4.673749999999999,4.862499999999999,1006.625,85.25,Rain,FRC0,115.0,115.0,205.0,False,20.0,20.0,20.0,0.0
206,Route1,40.47466,-76.30227,7.195,3.1675,248.75,83.25,5.279999999999999,7.15125,7.195,1005.5,79.5,Clouds,FRC2,99.0,99.0,264.0,False,20.0,20.0,4.0,0.0
207,Route1,40.35275,-76.72116,7.378749999999999,4.103750000000001,263.5,85.0,4.791250000000001,7.2124999999999995,7.40375,1008.5,77.875,Clouds,FRC0,108.0,108.0,51.0,False,20.0,20.0,14.0,0.5
208,Route1,40.25581,-77.06799,7.0875,4.01875,265.0,81.625,4.46875,6.932499999999999,7.112499999999999,1008.625,77.0,Clouds,FRC0,122.0,122.0,582.0,False,20.0,20.0,1.0,0.0
209,Route1,40.15794,-77.68049,5.937499999999999,3.0799999999999996,247.0,79.75,4.1075,5.236249999999999,5.937499999999999,1012.5,78.0,Clouds,FRC0,116.0,116.0,631.0,False,10.0,10.0,0.0,0.0
210,Route1,40.07658,-77.87974,5.21375,4.605,274.625,81.25,1.8862499999999998,4.9175,5.2612499999999995,1008.875,73.0,Clouds,FRC2,75.0,75.0,66.0,False,10.0,10.0,0.0,0.0
211,Route1,40.04368,-78.05295,6.793749999999999,4.45125,280.375,81.125,4.0775,6.2787500000000005,6.793749999999999,1010.375,72.75,Clouds,FRC0,120.0,120.0,538.0,False,20.0,20.0,2.0,0.0
212,Route1,40.03164,-78.1582,10.72125,2.474999999999999,289.125,73.375,9.5625,9.726249999999999,10.72125,1010.875,58.875,Clouds,FRC4,68.0,68.0,555.0,False,8.0,8.0,0.0,0.0
213,Route1,39.9847,-78.23932,14.620000000000001,3.7425,254.375,59.25,13.635,14.213750000000001,14.620000000000001,1012.375,59.625,Clouds,FRC0,114.0,114.0,714.0,False,20.0,20.0,20.0,0.0
214,Route1,40.00496,-78.38235,6.988750000000001,2.12,126.875,84.5,5.70375,6.566250000000001,6.988750000000001,1015.875,90.625,Rain,FRC2,91.0,91.0,508.0,False,20.0,20.0,9.0,0.3333333333333333
215,Route1,40.03573,-78.49886,13.82,3.2,261.5,5.0,12.17125,13.088750000000001,13.82,1017.0,32.0,Clear,FRC0,115.0,115.0,894.0,False,20.0,20.0,20.0,0.5
216,Route1,40.00555,-78.6872,6.48875,5.580000000000001,277.875,57.75,3.25625,5.87125,6.48875,1009.75,68.5,Clouds,FRC0,115.0,115.0,894.0,False,6.0,6.0,0.0,0.0
217,Route1,39.9549,-78.81972,0.19374999999999998,1.82875,115.5,100.0,-1.67375,-0.017500000000000016,0.19374999999999998,1006.125,94.75,Snow,FRC0,113.0,113.0,920.0,False,3.0,3.0,0.0,0.0
218,Route1,40.0199,-79.07981,8.3925,3.3924999999999996,231.375,84.875,6.453749999999999,8.23125,8.3925,1007.375,78.375,Clouds,FRC0,105.0,105.0,540.0,False,20.0,20.0,20.0,0.5
219,Route1,40.11345,-79.25272,5.847500000000001,5.347499999999999,258.5,80.25,2.5362500000000003,5.086250000000001,5.847500000000001,1010.125,76.0,Rain,FRC0,117.0,117.0,481.0,False,2.0,2.0,0.0,0.0
220,Route1,40.11729,-79.39719,0.20249999999999999,2.34375,253.375,79.25,-2.5037500000000006,0.14874999999999997,0.2275,1011.25,86.125,Snow,FRC0,116.0,116.0,736.0,False,20.0,20.0,5.0,0.0
221,Route1,40.19963,-79.55524,5.720000000000001,5.34875,259.25,83.25,2.1525,5.0249999999999995,5.720000000000001,1010.5,74.75,Clouds,FRC4,63.0,63.0,1069.0,False,20.0,20.0,1.0,0.0
222,Route1,40.21126,-79.65364,5.720000000000001,5.34875,259.25,83.25,2.1525,5.0249999999999995,5.720000000000001,1010.5,74.75,Clouds,FRC0,111.0,111.0,214.0,False,20.0,20.0,1.0,0.0
223,Route1,40.17382,-79.71852,5.65,2.6687499999999997,138.375,82.375,3.6225,5.27125,5.65,1012.125,79.375,Clouds,FRC0,105.0,105.0,128.0,False,20.0,20.0,5.0,0.0
224,Route1,40.12531,-79.87955,6.7075,4.78,256.75,86.75,3.8587499999999997,6.045,6.7075,1010.75,70.875,Clouds,FRC4,67.0,67.0,1118.0,False,20.0,20.0,20.0,0.0
225,Route1,40.15335,-80.03425,6.0600000000000005,4.57125,257.625,85.5,2.9299999999999997,5.49,6.0600000000000005,1011.0,70.375,Clouds,FRC4,68.0,68.0,164.0,False,20.0,20.0,1.0,0.0
226,Route1,40.18867,-80.24454,-0.595,1.795,223.5,87.75,-2.5675000000000003,-0.9650000000000001,-0.57375,1018.75,91.625,Clouds,FRC2,76.0,76.0,73.0,False,20.0,20.0,20.0,0.0028735632183908
227,Route1,40.12433,-80.3692,5.22375,4.371249999999999,257.375,97.5,2.05375,4.69625,5.22375,1010.875,71.875,Clouds,FRC0,113.0,113.0,246.0,False,19.0,19.0,1.0,0.0
228,Route1,40.10586,-80.4968,5.017499999999999,4.07,257.5,98.75,1.9700000000000002,4.4174999999999995,5.017499999999999,1011.125,72.625,Clouds,FRC2,68.0,68.0,159.0,False,20.0,20.0,1.0,0.0
229,Route1,40.0493,-80.66481,2.6362500000000004,2.8412499999999996,315.0,82.75,-0.17875000000000002,2.5412500000000002,2.6362500000000004,1013.0,73.25,Clouds,FRC0,109.0,109.0,101.0,False,20.0,20.0,15.0,0.0
230,Route1,40.0603,-81.09693,9.1575,3.1237500000000002,290.75,98.875,7.717499999999999,8.81625,9.1575,1009.375,70.75,Clouds,FRC0,117.0,117.0,259.0,False,20.0,20.0,0.0,0.5
231,Route1,40.02928,-81.46232,4.973749999999999,3.5125,260.625,98.875,2.3425,4.449999999999999,4.973749999999999,1012.125,73.0,Clouds,FRC0,120.0,120.0,300.0,False,20.0,20.0,3.0,0.0
232,Route1,39.97492,-81.83336,7.48375,2.93625,206.5,71.25,5.665,7.47625,7.5025,1005.625,85.25,Clouds,FRC2,90.0,90.0,609.0,False,20.0,20.0,0.0,0.5
233,Route1,39.9362,-82.2581,20.685000000000002,1.83625,144.875,100.0,20.575,20.555,20.798750000000002,1018.375,67.625,Clouds,FRC0,118.0,118.0,169.0,False,20.0,20.0,0.0,0.0
234,Route1,39.93177,-82.91353,5.16375,3.3999999999999995,267.75,92.625,2.76125,4.772499999999999,5.16375,1013.125,67.5,Clouds,FRC4,25.0,25.0,76.0,True,20.0,20.0,20.0,0.0526315789473684
235,Route1,39.97432,-83.09426,5.27,3.31875,269.0,93.375,2.9275,4.87875,5.27,1013.125,66.625,Clouds,FRC2,82.0,82.0,495.0,False,20.0,20.0,20.0,0.0526315789473684
236,Route1,39.94201,-83.45661,3.46,4.10375,278.25,84.125,0.43500000000000005,3.0149999999999997,3.46,1012.75,74.125,Clouds,FRC0,123.0,123.0,202.0,False,12.0,12.0,0.0,0.0
237,Route1,39.93075,-83.67966,7.65625,2.0175,248.5,85.875,6.942499999999999,6.99625,7.65625,1011.75,73.75,Clouds,FRC4,62.0,62.0,144.0,False,20.0,20.0,0.0,0.0
238,Route1,39.89553,-83.84732,5.81125,5.12875,267.875,41.5,2.31375,5.4425,5.81125,1012.5,67.25,Clouds,FRC0,120.0,120.0,146.0,False,20.0,20.0,1.0,0.0909090909090909
239,Route1,39.86733,-84.15901,3.9487499999999995,3.1399999999999997,246.25,80.5,1.5187499999999998,3.4774999999999996,3.9487499999999995,1012.75,74.625,Clouds,FRC0,119.0,119.0,156.0,False,20.0,20.0,20.0,0.25
240,Route1,39.83566,-84.66535,2.235,3.90125,296.875,98.875,-1.41,2.02,2.235,1010.875,85.25,Clouds,FRC6,52.0,52.0,345.0,False,5.0,5.0,0.0,0.3333333333333333
241,Route1,39.85957,-85.01827,2.7837499999999995,2.9799999999999995,214.75,82.75,0.5337500000000001,2.5075000000000003,2.7837499999999995,1013.0,78.875,Clouds,FRC0,117.0,117.0,366.0,False,20.0,20.0,3.0,0.0
242,Route1,39.79954,-86.02738,3.83625,2.18375,202.5,79.5,2.275,3.4837499999999997,3.83625,1013.375,74.25,Clouds,FRC5,58.0,58.0,1215.0,False,20.0,20.0,20.0,0.02
243,Route1,39.79703,-86.11853,3.83625,2.18375,202.5,79.5,2.275,3.4837499999999997,3.83625,1013.375,74.25,Clouds,FRC4,23.0,25.0,319.0,True,20.0,20.0,20.0,0.02
244,Route1,39.75571,-86.20654,3.83625,2.18375,202.5,79.5,2.275,3.4837499999999997,3.83625,1013.375,74.25,Clouds,FRC3,94.0,94.0,58.0,False,20.0,20.0,20.0,0.02
245,Route1,39.62819,-86.45005,12.988750000000001,2.28375,235.375,78.625,12.263750000000002,12.11625,12.988750000000001,1011.0,61.5,Clouds,FRC0,118.0,118.0,468.0,False,20.0,20.0,0.0,0.0
246,Route1,39.5222,-86.89571,12.966249999999999,1.3125,238.0,89.625,12.625,12.501249999999999,12.966249999999999,1024.75,84.375,Clouds,FRC0,120.0,120.0,698.0,False,15.0,15.0,1.0,0.0
247,Route1,39.43076,-87.32095,3.71625,2.1775,185.0,58.5,2.0062499999999996,3.28375,3.71625,1012.0,77.625,Clouds,FRC6,58.0,58.0,698.0,False,20.0,20.0,12.0,0.1666666666666666
248,Route1,39.42679,-87.55327,5.15375,3.9375,261.625,99.375,2.2087499999999998,4.575,5.15375,1011.5,72.625,Clouds,FRC0,118.0,118.0,429.0,False,11.0,11.0,0.0,0.0
249,Route1,39.40323,-87.74155,11.673750000000002,3.4325,234.125,59.875,10.58125,11.240000000000002,11.673750000000002,1014.125,67.75,Clouds,FRC0,118.0,118.0,298.0,False,5.0,5.0,0.0,0.0
250,Route1,39.2462,-88.18793,4.2075000000000005,5.5375000000000005,272.0,100.0,0.14125000000000004,3.9025,4.2075000000000005,1010.375,78.0,Clouds,FRC0,116.0,116.0,680.0,False,20.0,20.0,2.0,0.25
251,Route1,39.15006,-88.50894,4.046250000000001,2.49125,118.0,57.625,2.19875,3.99125,4.0725,1012.75,80.5,Clouds,FRC2,79.0,79.0,280.0,False,20.0,20.0,5.0,0.0
252,Route1,39.07614,-88.64371,18.146250000000002,2.9225,262.25,100.0,18.001250000000002,17.755,18.146250000000002,1013.75,76.0,Clouds,FRC0,120.0,120.0,205.0,False,16.0,16.0,0.0,0.0
253,Route1,39.02861,-88.79973,5.7437499999999995,2.23,155.875,99.875,4.046250000000001,4.7675,5.7437499999999995,1023.75,89.375,Rain,FRC2,84.0,84.0,145.0,False,5.0,5.0,0.0,0.0
254,Route1,38.97578,-89.04589,3.0837499999999998,3.0149999999999997,245.5,77.625,0.7075,2.61,3.0837499999999998,1013.125,76.875,Clouds,FRC0,120.0,120.0,410.0,False,13.0,13.0,0.0,0.0
255,Route1,38.91746,-89.25257,5.19625,2.76125,161.5,81.5,3.05125,4.4675,5.19625,1012.875,81.125,Clouds,FRC2,94.0,94.0,204.0,False,20.0,20.0,2.0,0.0
256,Route1,38.78341,-89.73437,16.42,1.75125,140.25,88.875,15.155000000000001,15.6675,16.42,1020.25,39.75,Clouds,FRC0,119.0,119.0,240.0,False,11.0,11.0,0.0,0.5
257,Route1,38.74622,-89.90972,3.0037499999999997,3.8787499999999997,289.125,97.0,-0.47125,2.8249999999999997,3.0037499999999997,1009.75,83.75,Clouds,FRC0,115.0,115.0,187.0,False,20.0,20.0,20.0,0.25
258,Route1,38.66276,-90.07165,0.0,0.0,0.0,0.0,0.0,0.0,0.0,0.0,0.0,,FRC1,102.0,102.0,147.0,False,20.0,20.0,7.0,0.0
259,Route1,38.61932,-90.27883,5.96375,2.83875,129.25,70.875,3.91,5.80875,5.96375,1012.75,77.75,Clouds,FRC4,23.0,43.0,143.0,False,20.0,20.0,20.0,0.0
260,Route1,38.53962,-90.48354,6.2124999999999995,2.33125,135.625,72.375,4.495,6.1499999999999995,6.23375,1012.5,78.25,Clouds,FRC4,72.0,72.0,348.0,False,20.0,20.0,20.0,0.0
261,Route1,38.45026,-90.89259,5.22375,2.345,227.0,84.375,3.3525,5.03625,5.22375,1012.75,84.625,Clouds,FRC0,115.0,115.0,73.0,False,20.0,20.0,0.0,0.0
262,Route1,38.27737,-91.10629,9.468749999999998,2.3762499999999998,225.875,81.625,8.7325,8.5,9.468749999999998,1012.625,75.5,Clouds,FRC0,118.0,118.0,295.0,False,20.0,20.0,1.0,0.0
263,Route1,38.11542,-91.32492,5.534999999999998,3.0425000000000004,250.625,71.5,3.1362499999999995,4.84375,5.534999999999998,1012.875,76.125,Clouds,FRC0,119.0,119.0,239.0,False,20.0,20.0,2.0,0.0
264,Route1,38.01028,-91.60396,0.0,0.0,0.0,0.0,0.0,0.0,0.0,0.0,0.0,,FRC0,78.0,102.0,432.0,False,20.0,20.0,18.0,0.0
265,Route1,37.94283,-91.79434,5.21625,3.85375,248.875,59.75,2.23625,4.682499999999999,5.21625,1012.5,76.625,Clouds,0,0.0,0.0,0.0,,20.0,20.0,20.0,0.0
266,Route1,37.89902,-92.00946,5.0874999999999995,4.571250000000001,260.875,93.625,1.71625,4.9775,5.13,1022.0,89.25,Clouds,FRC4,79.0,79.0,465.0,False,4.0,4.0,0.0,0.0
267,Route1,37.8239,-92.15445,0.0,0.0,0.0,0.0,0.0,0.0,0.0,0.0,0.0,,FRC4,67.0,67.0,322.0,False,20.0,20.0,20.0,0.0
268,Route1,37.77531,-92.3487,3.4112500000000003,5.206250000000001,265.625,95.25,-0.6762499999999998,3.0437499999999997,3.4112500000000003,1011.5,76.75,Clouds,FRC0,120.0,120.0,271.0,False,6.0,6.0,0.0,0.0
269,Route1,37.72304,-92.6052,9.40375,3.57625,223.25,51.125,8.1125,9.2925,9.455,1012.625,68.25,Clouds,FRC0,119.0,119.0,215.0,False,20.0,20.0,0.0,0.5
270,Route1,37.56096,-92.78614,7.566250000000001,3.6149999999999998,247.625,88.75,5.4025,7.46625,7.566250000000001,1007.125,79.875,Clouds,FRC0,120.0,120.0,109.0,False,20.0,20.0,0.0,0.25
271,Route1,37.40169,-92.89585,-0.28125,1.42875,194.125,100.0,-1.4250000000000003,-0.5025000000000001,-0.28125,1012.5,86.5,Clouds,FRC0,115.0,115.0,325.0,False,6.0,6.0,0.0,0.0
272,Route1,37.32365,-92.95882,-0.28125,1.42875,194.125,100.0,-1.4250000000000003,-0.5025000000000001,-0.28125,1012.5,86.5,Clouds,FRC0,118.0,118.0,345.0,False,20.0,20.0,1.0,0.0
273,Route1,37.27067,-93.09374,2.30375,2.3362499999999997,173.625,98.875,0.12999999999999995,2.28125,2.535,1006.125,94.375,Rain,FRC2,112.0,112.0,73.0,False,20.0,20.0,14.0,0.0
274,Route1,37.25041,-93.332,5.81125,5.12875,267.875,41.5,2.31375,5.4425,5.81125,1012.5,67.25,Clouds,FRC4,75.0,75.0,78.0,False,20.0,20.0,20.0,0.0909090909090909
275,Route1,37.19116,-93.46824,5.67625,5.05875,268.25,30.0,2.175,5.182499999999999,5.67625,1014.375,66.625,Clouds,FRC0,117.0,117.0,247.0,False,15.0,15.0,0.0,0.5
276,Route1,37.18734,-93.61964,11.8475,4.266249999999999,267.5,0.0,9.91625,10.66,11.8475,1017.375,43.125,Clear,FRC0,120.0,120.0,278.0,False,20.0,20.0,0.0,0.0
277,Route1,37.08699,-93.81632,0.0,0.0,0.0,0.0,0.0,0.0,0.0,0.0,0.0,,FRC0,120.0,120.0,179.0,False,20.0,20.0,16.0,0.0
278,Route1,37.08177,-94.27786,6.183750000000001,5.25625,265.25,20.875,2.8462500000000004,5.35125,6.183750000000001,1014.5,62.875,Clouds,FRC0,119.0,119.0,183.0,False,17.0,17.0,0.0,0.0
279,Route1,37.01763,-94.53721,6.0825000000000005,5.23375,271.875,20.375,2.7474999999999996,5.234999999999999,6.0825000000000005,1014.875,62.625,Clear,FRC0,123.0,123.0,759.0,False,20.0,20.0,18.0,0.5
280,Route1,36.94185,-94.68825,6.94375,4.788749999999999,272.875,10.5,4.142499999999999,6.021249999999999,6.94375,1014.875,59.5,Clear,FRC0,123.0,123.0,759.0,False,3.0,3.0,0.0,0.0
281,Route1,36.87416,-94.846,26.021250000000002,3.12125,221.75,56.875,26.793749999999996,25.945,26.075000000000003,1016.125,77.0,Clouds,FRC0,122.0,122.0,528.0,False,20.0,20.0,9.0,0.0303030303030303
282,Route1,36.76787,-94.89584,26.021250000000002,3.12125,221.75,56.875,26.793749999999996,25.945,26.075000000000003,1016.125,77.0,Clouds,FRC0,123.0,123.0,606.0,False,5.0,5.0,0.0,0.0303030303030303
283,Route1,36.61777,-95.16281,7.316249999999999,4.7825,274.75,14.25,4.8774999999999995,6.62625,7.316249999999999,1015.5,56.375,Clear,FRC0,124.0,124.0,612.0,False,20.0,20.0,16.0,0.0
284,Route1,36.34642,-95.47366,8.014999999999999,4.36625,275.25,19.875,5.6425,7.33875,8.014999999999999,1015.75,51.625,Clear,FRC3,81.0,81.0,209.0,False,10.0,10.0,0.0,0.0
285,Route1,36.18925,-95.7254,8.25375,4.273750000000001,276.375,25.5,5.9262500000000005,7.62375,8.25375,1016.0,49.625,Clouds,FRC0,110.0,110.0,101.0,False,20.0,20.0,8.0,0.0
286,Route1,36.16253,-95.82239,8.35875,4.12875,277.5,22.25,6.08,7.8025,8.35875,1015.875,47.25,Clear,FRC4,46.0,46.0,125.0,False,20.0,20.0,11.0,0.125
287,Route1,36.09045,-95.95429,8.332500000000001,4.52125,283.625,22.375,5.857500000000001,7.735,8.332500000000001,1016.125,46.875,Clouds,FRC1,113.0,113.0,55.0,False,20.0,20.0,20.0,0.125
288,Route1,36.04848,-96.07813,8.332500000000001,4.52125,283.625,22.375,5.857500000000001,7.735,8.332500000000001,1016.125,46.875,Clouds,FRC3,96.0,96.0,48.0,False,20.0,20.0,0.0,0.125
289,Route1,36.00235,-96.14441,8.4775,4.11,279.0,25.875,6.18375,7.829999999999999,8.4775,1016.125,46.375,Clear,FRC2,99.0,99.0,834.0,False,20.0,20.0,4.0,0.0
290,Route1,35.84894,-96.38855,8.39875,4.21375,282.75,26.875,6.035,7.69375,8.39875,1016.25,45.125,Clear,FRC3,99.0,99.0,764.0,False,20.0,20.0,15.0,0.0
291,Route1,35.70164,-96.96749,15.6925,0.89625,178.25,26.0,14.2325,15.013750000000002,15.6925,1019.875,35.125,Clouds,FRC0,125.0,125.0,623.0,False,10.0,10.0,2.0,0.0
292,Route1,35.60123,-97.47633,8.70625,4.402500000000001,292.0,31.375,6.49125,7.88125,8.70625,1017.0,42.0,Clouds,FRC1,116.0,116.0,47.0,False,20.0,20.0,20.0,0.5
293,Route1,35.60955,-97.61866,9.078750000000001,4.2875,295.125,35.625,6.932500000000001,8.280000000000001,9.078750000000001,1020.125,40.125,Clouds,FRC1,120.0,120.0,268.0,False,20.0,20.0,20.0,0.1111111111111111
294,Route1,35.57436,-97.68911,8.47625,4.41125,291.375,32.25,6.2524999999999995,7.555,8.47625,1017.0,42.875,Clouds,FRC1,119.0,119.0,148.0,False,20.0,20.0,3.0,0.0
295,Route1,35.51004,-97.69744,8.47625,4.41125,291.375,32.25,6.2524999999999995,7.555,8.47625,1017.0,42.875,Clouds,FRC1,119.0,119.0,135.0,False,20.0,20.0,3.0,0.0
296,Route1,35.46374,-97.71369,8.47625,4.41125,291.375,32.25,6.2524999999999995,7.555,8.47625,1017.0,42.875,Clouds,FRC0,114.0,114.0,48.0,False,20.0,20.0,20.0,0.0
297,Route1,35.4868,-97.75977,8.47625,4.41125,291.375,32.25,6.2524999999999995,7.555,8.47625,1017.0,42.875,Clouds,FRC0,122.0,122.0,231.0,False,20.0,20.0,20.0,0.0
298,Route1,35.5013,-97.9436,8.42875,4.467499999999999,288.75,32.75,6.23875,7.5525,8.42875,1017.25,42.75,Clouds,FRC0,119.0,119.0,215.0,False,20.0,20.0,8.0,0.0
299,Route1,35.52989,-98.05606,8.22625,4.69,291.75,35.25,5.9275,7.4275,8.22625,1017.625,42.375,Clouds,FRC0,118.0,118.0,344.0,False,3.0,3.0,0.0,0.0
300,Route1,35.52461,-98.31271,8.10375,5.00375,288.875,33.75,5.65125,7.120000000000001,8.10375,1018.125,37.625,Clouds,FRC0,121.0,121.0,289.0,False,6.0,6.0,0.0,0.0
301,Route1,35.5224,-98.79099,12.3775,3.5162500000000003,270.5,0.0,10.87,11.225,12.3775,1017.25,34.5,Clear,FRC2,104.0,104.0,418.0,False,2.0,2.0,0.0,0.0
302,Route1,35.44391,-99.17085,8.41,4.64375,287.875,34.25,6.0875,7.284999999999999,8.41,1018.125,36.5,Clouds,FRC0,120.0,120.0,249.0,False,20.0,20.0,3.0,0.0
303,Route1,35.36818,-99.54412,8.596249999999998,4.7075000000000005,241.5,29.75,6.327500000000001,7.2975,8.596249999999998,1018.0,31.5,Clear,FRC0,117.0,117.0,90.0,False,1.0,1.0,0.0,0.0
304,Route1,35.26645,-99.63511,5.843750000000001,3.99375,252.25,87.25,2.935,5.603750000000001,5.9275,1006.375,71.875,Clouds,FRC0,120.0,120.0,98.0,False,20.0,20.0,3.0,0.5
305,Route1,35.22662,-99.91195,8.75125,4.753749999999999,240.75,19.875,6.632499999999999,8.21,8.75125,1017.875,26.75,Clear,FRC0,120.0,120.0,171.0,False,0.0,0.0,0.0,0.0
306,Route1,35.22709,-100.49734,8.65625,4.77375,279.75,19.25,6.43375,8.10375,8.65625,1018.125,24.375,Clear,FRC3,101.0,101.0,493.0,False,0.0,0.0,0.0,0.0
307,Route1,35.21425,-100.71143,2.2687500000000003,2.0,169.375,69.25,0.34624999999999995,2.0025,2.2687500000000003,1013.875,79.125,Clouds,FRC0,120.0,120.0,200.0,False,8.0,8.0,0.0,0.0
308,Route1,35.18219,-100.85053,8.27125,4.6187499999999995,231.5,18.5,6.095000000000001,7.748750000000001,8.27125,1018.0,25.125,Clouds,FRC0,120.0,120.0,587.0,False,4.0,4.0,0.0,0.0
309,Route1,35.21629,-101.60738,6.5425,4.58125,219.625,24.75,3.67875,5.842499999999999,6.5425,1018.5,30.125,Clouds,FRC0,110.0,110.0,64.0,False,9.0,9.0,0.0,0.0
310,Route1,35.18758,-101.91347,6.785,3.89,211.375,33.75,4.2425,5.7425,6.785,1017.25,33.75,Clouds,FRC0,119.0,119.0,140.0,False,20.0,20.0,20.0,0.3333333333333333
311,Route1,35.21265,-102.2588,6.4075,3.8450000000000006,218.125,29.75,3.7162499999999996,5.3525,6.4075,1018.375,32.125,Clouds,FRC3,63.0,63.0,32.0,False,0.0,0.0,0.0,0.0
312,Route1,35.27213,-102.64086,3.3862500000000004,5.264999999999999,279.25,98.875,-0.7525000000000001,3.1237500000000002,3.3862500000000004,1010.75,79.5,Clouds,FRC0,121.0,121.0,198.0,False,8.0,8.0,0.0,0.0
313,Route1,35.2448,-102.81548,3.3862500000000004,5.264999999999999,279.25,98.875,-0.7525000000000001,3.1237500000000002,3.3862500000000004,1010.75,79.5,Clouds,FRC0,120.0,120.0,706.0,False,3.0,3.0,0.0,0.0
314,Route1,35.15639,-103.15484,7.71625,3.3412499999999996,221.875,43.5,5.1899999999999995,6.00125,7.71625,1016.375,36.875,Clouds,FRC0,118.0,118.0,248.0,False,0.0,0.0,0.0,0.0
315,Route1,35.11679,-103.36848,7.71625,3.3412499999999996,221.875,43.5,5.1899999999999995,6.00125,7.71625,1016.375,36.875,Clouds,FRC3,99.0,99.0,716.0,False,1.0,1.0,0.0,0.0
316,Route1,35.17284,-103.58036,7.9925,2.0862499999999997,236.625,37.75,6.791250000000001,6.244999999999999,7.9925,1016.625,34.625,Clear,FRC0,120.0,120.0,346.0,False,4.0,4.0,0.0,0.0
317,Route1,35.11297,-104.00098,7.9925,2.0862499999999997,236.625,37.75,6.791250000000001,6.244999999999999,7.9925,1016.625,34.625,Clear,FRC0,120.0,120.0,539.0,False,0.0,0.0,0.0,0.0
318,Route1,35.01537,-104.44727,0.0,0.0,0.0,0.0,0.0,0.0,0.0,0.0,0.0,,FRC0,118.0,118.0,382.0,False,0.0,0.0,0.0,0.0
319,Route1,34.95047,-104.6345,13.6275,0.9325,226.5,81.125,13.145,13.12375,13.6275,1026.0,80.375,Clouds,FRC0,122.0,122.0,246.0,False,20.0,20.0,9.0,0.1428571428571428
320,Route1,34.97188,-104.8996,13.6275,0.9325,226.5,81.125,13.145,13.12375,13.6275,1026.0,80.375,Clouds,FRC0,121.0,121.0,417.0,False,0.0,0.0,0.0,0.1428571428571428
321,Route1,34.9977,-105.41996,18.0625,1.2375,229.125,70.25,17.11,17.762500000000003,18.07,1020.25,45.375,Clouds,FRC0,122.0,122.0,385.0,False,0.0,0.0,0.0,0.0
322,Route1,35.00555,-105.86848,4.655,5.43,290.0,43.125,0.9874999999999999,3.9800000000000004,4.655,1020.875,52.625,Clouds,FRC0,120.0,120.0,357.0,False,5.0,5.0,1.0,0.0
323,Route1,35.02804,-106.10342,4.655,5.43,290.0,43.125,0.9874999999999999,3.9800000000000004,4.655,1020.875,52.625,Clouds,FRC4,38.0,38.0,41.0,False,20.0,20.0,0.0,0.0
324,Route1,35.09675,-106.27486,5.44875,3.2887500000000003,213.25,38.75,2.7800000000000002,4.7375,5.44875,1015.25,43.25,Clear,FRC0,113.0,113.0,138.0,False,20.0,20.0,1.0,0.0
325,Route1,35.06163,-106.44816,7.072500000000001,2.1574999999999998,278.0,48.25,6.258749999999999,6.2250000000000005,7.072500000000001,1022.0,49.875,Clouds,FRC4,53.0,53.0,72.0,False,20.0,20.0,0.0,0.125
326,Route1,35.09768,-106.72332,7.072500000000001,2.1574999999999998,278.0,48.25,6.258749999999999,6.2250000000000005,7.072500000000001,1022.0,49.875,Clouds,FRC0,118.0,118.0,447.0,False,20.0,20.0,20.0,0.125
327,Route1,34.98831,-107.20301,14.120000000000001,1.85,302.0,75.125,13.561250000000001,13.545000000000002,14.120000000000001,1024.0,74.625,Clouds,FRC0,119.0,119.0,295.0,False,0.0,0.0,0.0,0.0
328,Route1,35.07558,-107.60858,6.447500000000001,3.2687500000000003,287.5,40.875,4.015,5.327500000000001,6.447500000000001,1020.25,51.0,Clouds,FRC3,80.0,80.0,396.0,False,14.0,14.0,1.0,0.0
329,Route1,35.08568,-107.77131,6.447500000000001,3.2687500000000003,287.5,40.875,4.015,5.327500000000001,6.447500000000001,1020.25,51.0,Clouds,FRC0,120.0,120.0,157.0,False,7.0,7.0,1.0,0.0
330,Route1,35.19614,-107.91237,5.1,2.80375,287.625,35.625,2.9050000000000002,3.7049999999999996,5.1,1022.25,52.875,Clouds,FRC0,122.0,122.0,421.0,False,20.0,20.0,8.0,0.0
331,Route1,35.36766,-108.06265,2.9937500000000004,2.7262500000000003,259.75,28.625,0.43125,1.205,2.9937500000000004,1022.875,67.25,Clear,FRC0,80.0,120.0,731.0,False,7.0,7.0,0.0,0.0
332,Route1,35.42885,-108.32378,2.9937500000000004,2.7262500000000003,259.75,28.625,0.43125,1.205,2.9937500000000004,1022.875,67.25,Clear,FRC0,110.0,110.0,248.0,False,12.0,12.0,1.0,0.0
333,Route1,35.50634,-108.52771,4.8225,2.5862499999999997,217.875,33.75,2.6525000000000003,3.4037499999999996,4.8225,1022.375,52.875,Clouds,FRC0,118.0,118.0,373.0,False,3.0,3.0,0.0,0.0
334,Route1,35.52424,-108.775,4.8225,2.5862499999999997,217.875,33.75,2.6525000000000003,3.4037499999999996,4.8225,1022.375,52.875,Clouds,FRC0,119.0,119.0,370.0,False,20.0,20.0,20.0,0.0
335,Route1,35.43887,-108.96332,4.8225,2.5862499999999997,217.875,33.75,2.6525000000000003,3.4037499999999996,4.8225,1022.375,52.875,Clouds,FRC0,120.0,120.0,421.0,False,3.0,3.0,0.0,0.0
336,Route1,35.34059,-109.06587,15.9725,2.97125,210.625,65.5,14.91625,15.642500000000002,15.9725,1018.375,49.375,Clouds,FRC0,120.0,120.0,160.0,False,20.0,20.0,0.0,0.0
337,Route1,35.26781,-109.2704,16.1425,3.26375,210.625,85.25,15.17625,15.811250000000001,16.1425,1018.125,52.25,Clouds,FRC0,121.0,121.0,288.0,False,4.0,4.0,0.0,0.0
338,Route1,35.13333,-109.53439,9.70875,2.54625,294.0,29.625,7.8950000000000005,8.4625,9.70875,1016.875,43.5,Clouds,FRC0,122.0,122.0,390.0,False,6.0,6.0,2.0,0.0
339,Route1,35.00605,-109.8791,7.022500000000001,1.29875,208.75,67.5,6.108750000000001,6.41625,7.022500000000001,1024.5,65.875,Clouds,FRC0,121.0,121.0,171.0,False,6.0,6.0,0.0,0.0
340,Route1,34.98225,-110.04671,7.022500000000001,1.29875,208.75,67.5,6.108750000000001,6.41625,7.022500000000001,1024.5,65.875,Clouds,FRC0,120.0,120.0,149.0,False,16.0,16.0,0.0,0.0
341,Route1,34.91401,-110.15254,8.81875,4.3575,207.0,81.875,6.628749999999999,8.81875,8.9175,1006.875,80.125,Clouds,FRC0,119.0,119.0,139.0,False,20.0,20.0,20.0,0.0
342,Route1,34.95455,-110.33327,9.2425,1.40125,140.25,37.375,8.13875,7.99125,9.2425,1020.75,38.75,Clouds,FRC0,121.0,121.0,232.0,False,20.0,20.0,4.0,0.0
343,Route1,34.97349,-110.51342,9.3975,1.4862499999999998,155.25,45.25,8.21,8.055,9.3975,1021.5,38.0,Clouds,FRC0,121.0,121.0,336.0,False,0.0,0.0,0.0,0.0
344,Route1,35.03933,-110.69476,9.3975,1.4862499999999998,155.25,45.25,8.21,8.055,9.3975,1021.5,38.0,Clouds,FRC0,121.0,121.0,272.0,False,20.0,20.0,20.0,0.0
345,Route1,35.11751,-111.1014,5.4425,1.9474999999999998,223.75,66.25,3.76875,3.9025,5.4425,1022.375,52.875,Clouds,FRC0,122.0,122.0,397.0,False,12.0,12.0,0.0,0.0
346,Route1,35.20194,-111.43459,5.4425,1.9474999999999998,223.75,66.25,3.76875,3.9025,5.4425,1022.375,52.875,Clouds,FRC0,119.0,119.0,176.0,False,17.0,17.0,0.0,0.0
347,Route1,35.20111,-111.60976,5.4425,1.9474999999999998,223.75,66.25,3.76875,3.9025,5.4425,1022.375,52.875,Clouds,FRC2,45.0,45.0,99.0,False,20.0,20.0,20.0,0.0
348,Route1,35.19247,-111.73056,5.4425,1.9474999999999998,223.75,66.25,3.76875,3.9025,5.4425,1022.375,52.875,Clouds,FRC0,120.0,120.0,265.0,False,17.0,17.0,0.0,0.0
349,Route1,35.2454,-111.84151,5.4425,1.9474999999999998,223.75,66.25,3.76875,3.9025,5.4425,1022.375,52.875,Clouds,FRC0,122.0,122.0,306.0,False,20.0,20.0,3.0,0.0
350,Route1,35.26472,-112.04966,13.92625,1.6125,259.0,76.0,13.293750000000001,13.57,13.978750000000002,1024.0,73.0,Clouds,FRC0,119.0,119.0,78.0,False,10.0,10.0,0.0,0.0
351,Route1,35.23772,-112.22228,13.92625,1.6125,259.0,76.0,13.293750000000001,13.57,13.978750000000002,1024.0,73.0,Clouds,FRC0,118.0,118.0,284.0,False,20.0,20.0,3.0,0.0
352,Route1,35.22,-112.45311,0.0,0.0,0.0,0.0,0.0,0.0,0.0,0.0,0.0,,FRC0,117.0,117.0,819.0,False,17.0,17.0,1.0,0.0
353,Route1,35.27281,-112.75158,0.0,0.0,0.0,0.0,0.0,0.0,0.0,0.0,0.0,,FRC4,55.0,55.0,1481.0,False,0.0,0.0,0.0,0.0
354,Route1,35.317,-112.96081,6.4525,4.48625,274.25,16.5,3.423750000000001,5.5024999999999995,6.4525,1015.375,60.5,Clear,FRC0,117.0,117.0,572.0,False,1.0,1.0,0.0,0.0
355,Route1,35.28772,-113.10978,6.4525,4.48625,274.25,16.5,3.423750000000001,5.5024999999999995,6.4525,1015.375,60.5,Clear,FRC0,122.0,122.0,363.0,False,0.0,0.0,0.0,0.0
356,Route1,35.19107,-113.33037,6.4525,4.48625,274.25,16.5,3.423750000000001,5.5024999999999995,6.4525,1015.375,60.5,Clear,FRC0,114.0,114.0,201.0,False,0.0,0.0,0.0,0.0
357,Route1,35.16949,-113.52487,11.97625,2.1925,111.75,63.25,10.341249999999999,10.442499999999999,11.97625,1021.125,36.5,Clouds,FRC0,118.0,118.0,250.0,False,0.0,0.0,0.0,0.0
358,Route1,35.21576,-114.04388,11.97625,2.1925,111.75,63.25,10.341249999999999,10.442499999999999,11.97625,1021.125,36.5,Clouds,FRC0,109.0,109.0,240.0,False,20.0,20.0,20.0,0.0
359,Route1,35.0879,-114.12065,11.97625,2.1925,111.75,63.25,10.341249999999999,10.442499999999999,11.97625,1021.125,36.5,Clouds,FRC0,119.0,119.0,402.0,False,1.0,1.0,0.0,0.0
360,Route1,34.88829,-114.15132,10.866249999999999,2.775,230.625,73.0,9.94875,10.37,10.866249999999999,1014.0,70.5,Clouds,FRC0,121.0,121.0,110.0,False,17.0,17.0,1.0,0.0
361,Route1,34.79899,-114.15701,10.866249999999999,2.775,230.625,73.0,9.94875,10.37,10.866249999999999,1014.0,70.5,Clouds,FRC0,122.0,122.0,341.0,False,2.0,2.0,0.0,0.0
362,Route1,34.72984,-114.3135,15.727499999999997,2.02125,212.0,81.0,14.2775,14.6275,15.727499999999997,1020.125,35.25,Clouds,FRC0,120.0,120.0,335.0,False,20.0,20.0,5.0,0.5
363,Route1,34.71802,-114.5282,16.82125,1.89,254.75,66.875,15.42125,15.8975,16.82125,1020.625,33.0,Clouds,FRC0,112.0,112.0,230.0,False,5.0,5.0,1.0,0.0
364,Route1,34.8504,-114.62078,16.82125,1.89,254.75,66.875,15.42125,15.8975,16.82125,1020.625,33.0,Clouds,FRC0,113.0,113.0,414.0,False,20.0,20.0,19.0,0.0
365,Route1,34.87828,-114.75859,16.82125,1.89,254.75,66.875,15.42125,15.8975,16.82125,1020.625,33.0,Clouds,FRC0,107.0,107.0,692.0,False,0.0,0.0,0.0,0.0
366,Route1,34.85565,-114.89434,16.82125,1.89,254.75,66.875,15.42125,15.8975,16.82125,1020.625,33.0,Clouds,FRC0,116.0,116.0,396.0,False,0.0,0.0,0.0,0.0
367,Route1,34.80871,-115.23039,8.23,3.3112500000000002,243.125,78.5,6.328749999999999,8.1775,8.23,1006.875,75.375,Clouds,FRC0,117.0,117.0,1064.0,False,6.0,6.0,0.0,0.0
368,Route1,34.78041,-115.44199,8.23,3.3112500000000002,243.125,78.5,6.328749999999999,8.1775,8.23,1006.875,75.375,Clouds,FRC0,114.0,114.0,1091.0,False,1.0,1.0,0.0,0.0
369,Route1,34.72044,-115.80074,2.305,2.155,190.875,94.375,0.08999999999999997,2.2275,2.305,1013.5,76.75,Clouds,FRC0,114.0,114.0,1435.0,False,0.0,0.0,0.0,0.0
370,Route1,34.72537,-116.07465,2.31,2.0100000000000002,191.375,85.875,0.24625000000000002,2.21375,2.31,1013.5,77.875,Clouds,FRC4,90.0,90.0,1144.0,False,0.0,0.0,0.0,0.0
371,Route1,34.74107,-116.31639,5.485000000000001,2.04,202.25,83.25,4.29375,5.485000000000001,5.713750000000001,1006.0,87.875,Clouds,FRC4,95.0,95.0,556.0,False,2.0,2.0,0.0,0.0
372,Route1,34.82053,-116.6324,13.5275,1.16625,242.375,63.625,12.5125,12.60875,13.5275,1021.625,40.625,Clouds,FRC0,117.0,117.0,307.0,False,20.0,20.0,3.0,0.0
373,Route1,34.84678,-116.846,12.28375,0.89125,217.0,68.625,11.29,11.325,12.28375,1021.25,45.25,Clouds,FRC4,82.0,82.0,171.0,False,8.0,8.0,0.0,0.0
374,Route1,34.88167,-116.97393,13.16375,0.95875,218.25,69.25,12.2375,12.216250000000002,13.16375,1021.25,45.0,Clouds,FRC3,92.0,92.0,270.0,False,20.0,20.0,13.0,0.0
375,Route1,34.85395,-117.08508,12.9675,0.94125,248.375,81.5,12.07125,12.0575,12.9675,1021.5,43.875,Clouds,FRC0,122.0,122.0,269.0,False,20.0,20.0,20.0,0.0
376,Route1,34.73775,-117.18072,11.267500000000002,1.22375,213.75,74.125,10.318749999999998,10.103750000000002,11.267500000000002,1021.5,50.25,Clouds,FRC0,127.0,127.0,187.0,False,1.0,1.0,0.0,0.0
377,Route1,34.64664,-117.21673,11.055,0.8075,199.875,81.875,10.07,10.053749999999999,11.055,1021.5,49.0,Clouds,FRC4,79.0,79.0,110.0,False,3.0,3.0,0.0,0.0
378,Route1,34.45525,-117.35821,11.133750000000001,1.24375,173.5,81.5,10.1125,10.196250000000001,11.133750000000001,1019.625,46.5,Clouds,FRC0,102.0,102.0,184.0,False,20.0,20.0,20.0,0.0
379,Route1,34.34508,-117.4645,13.188749999999999,2.50125,328.25,74.5,11.72125,12.01125,13.188749999999999,1021.25,39.75,Clouds,FRC4,48.0,48.0,28.0,False,4.0,4.0,0.0,0.2
380,Route1,34.25274,-117.44803,13.0975,2.4225,329.125,68.75,11.695,11.86,13.0975,1021.25,42.75,Clouds,FRC4,94.0,94.0,390.0,False,12.0,12.0,0.0,0.2
381,Route1,34.21753,-117.41117,13.188749999999999,2.50125,328.25,74.5,11.72125,12.01125,13.188749999999999,1021.25,39.75,Clouds,FRC4,70.0,70.0,156.0,False,20.0,20.0,3.0,0.2
382,Route1,34.17038,-117.45496,16.9,1.485,135.25,71.25,15.692499999999999,16.327499999999997,16.9,1019.875,40.125,Clouds,FRC4,56.0,56.0,130.0,False,20.0,20.0,5.0,0.0
383,Route1,34.13628,-117.57434,17.365,1.49875,137.75,89.375,16.17875,16.8475,17.365,1020.125,39.125,Clouds,FRC3,62.0,62.0,140.0,False,20.0,20.0,20.0,0.0
384,Route1,34.11854,-117.86536,18.553749999999997,1.3575000000000002,123.125,67.125,17.48,18.138749999999998,18.56,1019.875,38.875,Clouds,FRC0,106.0,106.0,35.0,False,20.0,20.0,20.0,0.0
385,Route1,34.13192,-117.95945,18.876250000000002,1.0262499999999999,220.5,68.125,17.89375,18.490000000000002,18.900000000000002,1019.5,41.125,Clouds,FRC4,66.0,66.0,120.0,False,20.0,20.0,20.0,0.0
386,Route1,34.06521,-118.00206,18.876250000000002,1.0262499999999999,220.5,68.125,17.89375,18.490000000000002,18.900000000000002,1019.5,41.125,Clouds,FRC4,23.0,38.0,212.0,False,20.0,20.0,20.0,0.0
387,Route1,34.05281,-118.2267,18.090000000000003,1.2112500000000002,217.75,67.75,17.112499999999997,17.7875,18.118750000000002,1020.25,44.375,Clouds,FRC4,50.0,50.0,11.0,False,20.0,20.0,20.0,0.005813953488372
388,Route1,34.05358,-118.24544,18.11,1.11625,264.5,71.0,17.145,17.81,18.14125,1020.25,44.875,Clouds,FRC2,93.0,93.0,409.0,False,20.0,20.0,20.0,0.005813953488372
389,Route2,40.71455,-74.0071,8.73,4.0075,248.5,80.875,6.6225000000000005,8.68,8.73,1006.875,75.625,Clouds,FRC0,87.0,87.0,108.0,False,20.0,20.0,20.0,0.0123456790123456
390,Route2,40.73462,-74.10708,8.53875,3.49,247.875,80.375,6.62,8.48375,8.53875,1006.875,75.25,Clouds,FRC1,93.0,93.0,126.0,False,20.0,20.0,20.0,0.0
391,Route2,40.71162,-74.19813,8.6075,3.54375,246.875,80.75,6.6712500000000015,8.53625,8.6075,1006.625,75.375,Clouds,FRC2,78.0,78.0,112.0,False,20.0,20.0,20.0,0.1
392,Route2,40.66455,-74.41872,8.00625,3.215,231.5,84.625,6.08125,7.875000000000001,8.00625,1006.875,77.875,Clouds,FRC0,114.0,114.0,154.0,False,20.0,20.0,20.0,0.0
393,Route2,40.63372,-74.90835,3.445,4.51,288.625,99.75,-0.31125,3.24375,3.445,1009.625,81.625,Rain,FRC3,78.0,78.0,180.0,False,20.0,20.0,20.0,0.3333333333333333
394,Route2,40.67092,-75.13198,4.0625,3.285,241.625,57.5,1.3399999999999999,3.8587499999999997,4.075000000000001,1013.25,73.875,Clouds,FRC3,64.0,64.0,476.0,False,20.0,20.0,20.0,0.0
395,Route2,40.65159,-75.24529,7.3637500000000005,3.655,268.0,93.5,5.1362499999999995,7.18125,7.3637500000000005,1007.5,81.0,Clouds,FRC0,114.0,114.0,216.0,False,20.0,20.0,2.0,0.5
396,Route2,40.57997,-75.38787,7.513749999999999,3.64625,246.875,86.75,5.2575,7.393749999999999,7.513749999999999,1007.625,81.0,Clouds,FRC4,41.0,41.0,85.0,False,20.0,20.0,12.0,0.0
397,Route2,40.57658,-75.64289,7.3050000000000015,3.7800000000000002,250.625,89.125,4.916250000000001,7.1625,7.3050000000000015,1007.625,80.5,Clouds,FRC4,70.0,70.0,931.0,False,20.0,20.0,20.0,0.0
398,Route2,40.56241,-75.98374,4.862499999999999,8.64625,271.125,99.875,-0.10499999999999989,4.673749999999999,4.862499999999999,1006.625,85.25,Rain,FRC0,115.0,115.0,205.0,False,20.0,20.0,20.0,0.0
399,Route2,40.47466,-76.30227,7.195,3.1675,248.75,83.25,5.279999999999999,7.15125,7.195,1005.5,79.5,Clouds,FRC2,99.0,99.0,264.0,False,20.0,20.0,4.0,0.0
400,Route2,40.35275,-76.72116,7.378749999999999,4.103750000000001,263.5,85.0,4.791250000000001,7.2124999999999995,7.40375,1008.625,77.875,Clouds,FRC0,108.0,108.0,51.0,False,20.0,20.0,14.0,0.5
401,Route2,40.25581,-77.06799,7.08,3.8149999999999995,268.875,90.0,4.60375,6.83375,7.08,1009.125,76.125,Clouds,FRC0,122.0,122.0,582.0,False,20.0,20.0,1.0,0.0
402,Route2,40.15794,-77.68049,5.937499999999999,3.0799999999999996,247.0,79.75,4.1075,5.236249999999999,5.937499999999999,1012.5,78.0,Clouds,FRC0,116.0,116.0,631.0,False,10.0,10.0,0.0,0.0
403,Route2,40.07658,-77.87974,5.21375,4.605,274.625,81.25,1.8862499999999998,4.9175,5.2612499999999995,1008.875,73.0,Clouds,FRC2,75.0,75.0,66.0,False,10.0,10.0,0.0,0.0
404,Route2,40.04368,-78.05295,6.793749999999999,4.45125,280.375,81.125,4.0775,6.2787500000000005,6.793749999999999,1010.375,72.75,Clouds,FRC0,120.0,120.0,538.0,False,20.0,20.0,2.0,0.0
405,Route2,40.03164,-78.1582,10.72125,2.474999999999999,289.125,73.375,9.5625,9.726249999999999,10.72125,1010.875,58.875,Clouds,FRC4,68.0,68.0,555.0,False,8.0,8.0,0.0,0.0
406,Route2,39.9847,-78.23932,14.620000000000001,3.7425,254.375,59.25,13.635,14.213750000000001,14.620000000000001,1012.375,59.625,Clouds,FRC0,114.0,114.0,714.0,False,20.0,20.0,20.0,0.0
407,Route2,40.00496,-78.38235,6.988750000000001,2.12,126.875,84.5,5.70375,6.566250000000001,6.988750000000001,1015.875,90.625,Rain,FRC2,91.0,91.0,508.0,False,20.0,20.0,9.0,0.3333333333333333
408,Route2,40.03573,-78.49886,13.807500000000001,3.2,261.5,5.0,12.16,13.088750000000001,13.807500000000001,1017.0,32.125,Clear,FRC0,115.0,115.0,894.0,False,20.0,20.0,20.0,0.5
409,Route2,40.00555,-78.6872,6.48875,5.580000000000001,277.875,57.75,3.25625,5.87125,6.48875,1009.75,68.5,Clouds,FRC0,115.0,115.0,894.0,False,6.0,6.0,0.0,0.0
410,Route2,39.9549,-78.81972,0.19374999999999998,1.82875,115.5,100.0,-1.67375,-0.017500000000000016,0.19374999999999998,1006.125,94.75,Snow,FRC0,113.0,113.0,920.0,False,3.0,3.0,0.0,0.0
411,Route2,40.0199,-79.07981,8.456249999999999,3.4587500000000007,234.625,84.75,6.56875,8.3575,8.456249999999999,1007.125,79.0,Clouds,FRC0,105.0,105.0,540.0,False,20.0,20.0,20.0,0.5
412,Route2,40.11345,-79.25272,5.847500000000001,5.347499999999999,258.5,80.25,2.5362500000000003,5.086250000000001,5.847500000000001,1010.125,76.0,Rain,FRC0,117.0,117.0,481.0,False,2.0,2.0,0.0,0.0
413,Route2,40.11729,-79.39719,0.20249999999999999,2.34375,253.375,79.25,-2.5037500000000006,0.14874999999999997,0.2275,1011.25,86.125,Snow,FRC0,116.0,116.0,736.0,False,20.0,20.0,5.0,0.0
414,Route2,40.19963,-79.55524,5.720000000000001,5.34875,259.25,83.25,2.1525,5.0249999999999995,5.720000000000001,1010.5,74.75,Clouds,FRC4,63.0,63.0,1069.0,False,20.0,20.0,1.0,0.0
415,Route2,40.21126,-79.65364,5.720000000000001,5.34875,259.25,83.25,2.1525,5.0249999999999995,5.720000000000001,1010.5,74.75,Clouds,FRC0,111.0,111.0,214.0,False,20.0,20.0,1.0,0.0
416,Route2,40.17382,-79.71852,5.65,2.6687499999999997,138.375,82.375,3.6225,5.27125,5.65,1012.125,79.375,Clouds,FRC0,105.0,105.0,128.0,False,20.0,20.0,5.0,0.0
417,Route2,40.12531,-79.87955,6.7075,4.78,256.75,86.75,3.8587499999999997,6.045,6.7075,1010.75,70.875,Clouds,FRC4,67.0,67.0,1118.0,False,20.0,20.0,20.0,0.0
418,Route2,40.15335,-80.03425,6.053750000000001,4.57125,257.625,85.5,2.92125,5.49,6.053750000000001,1011.0,70.375,Clouds,FRC4,68.0,68.0,164.0,False,20.0,20.0,1.0,0.0
419,Route2,40.18867,-80.24454,-0.595,1.795,223.5,87.75,-2.5675000000000003,-0.9650000000000001,-0.57375,1018.75,91.625,Clouds,FRC2,76.0,76.0,73.0,False,20.0,20.0,20.0,0.0028735632183908
420,Route2,40.12433,-80.3692,5.017499999999999,4.07,257.5,98.75,1.9700000000000002,4.4174999999999995,5.017499999999999,1011.125,72.625,Clouds,FRC0,113.0,113.0,246.0,False,19.0,19.0,1.0,0.0
421,Route2,40.10586,-80.4968,5.21625,4.371249999999999,257.375,97.5,2.045,4.69625,5.21625,1010.875,71.875,Clouds,FRC2,68.0,68.0,159.0,False,20.0,20.0,1.0,0.0
422,Route2,40.0493,-80.66481,2.6362500000000004,2.8412499999999996,315.0,82.75,-0.17875000000000002,2.5412500000000002,2.6362500000000004,1013.0,73.25,Clouds,FRC0,109.0,109.0,101.0,False,20.0,20.0,15.0,0.0
423,Route2,40.0603,-81.09693,9.1575,3.1237500000000002,290.75,98.875,7.717499999999999,8.81625,9.1575,1009.375,70.75,Clouds,FRC0,120.0,120.0,313.0,False,20.0,20.0,0.0,0.5
424,Route2,39.97492,-81.83336,7.48375,2.93625,206.5,71.25,5.665,7.47625,7.5025,1005.625,85.25,Clouds,FRC2,90.0,90.0,609.0,False,20.0,20.0,0.0,0.5
425,Route2,39.9362,-82.2581,20.685000000000002,1.83625,144.875,100.0,20.575,20.555,20.798750000000002,1018.375,67.625,Clouds,FRC0,118.0,118.0,169.0,False,20.0,20.0,0.0,0.0
426,Route2,39.93177,-82.91353,5.16375,3.3999999999999995,267.75,92.625,2.76125,4.772499999999999,5.16375,1013.125,67.5,Clouds,FRC4,25.0,25.0,76.0,True,20.0,20.0,20.0,0.0526315789473684
427,Route2,39.97432,-83.09426,5.16375,3.3999999999999995,267.75,92.625,2.76125,4.772499999999999,5.16375,1013.125,67.5,Clouds,FRC2,82.0,82.0,495.0,False,20.0,20.0,20.0,0.0526315789473684
428,Route2,39.94201,-83.45661,3.46,4.10375,278.25,84.125,0.43500000000000005,3.0149999999999997,3.46,1012.75,74.125,Clouds,FRC0,123.0,123.0,202.0,False,12.0,12.0,0.0,0.0
429,Route2,39.93075,-83.67966,7.65625,2.0175,248.5,85.875,6.942499999999999,6.99625,7.65625,1011.75,73.75,Clouds,FRC4,62.0,62.0,144.0,False,20.0,20.0,0.0,0.0
430,Route2,39.89553,-83.84732,5.85,4.92625,265.375,34.625,2.46,5.48375,5.85,1012.75,66.625,Clouds,FRC0,120.0,120.0,146.0,False,20.0,20.0,1.0,0.0909090909090909
431,Route2,39.86733,-84.15901,3.9487499999999995,3.1399999999999997,246.25,80.5,1.5187499999999998,3.4774999999999996,3.9487499999999995,1012.75,74.625,Clouds,FRC0,119.0,119.0,156.0,False,20.0,20.0,20.0,0.25
432,Route2,39.83566,-84.66535,2.235,3.90125,296.875,98.875,-1.41,2.02,2.235,1010.875,85.25,Clouds,FRC6,52.0,52.0,345.0,False,5.0,5.0,0.0,0.3333333333333333
433,Route2,39.85957,-85.01827,2.7837499999999995,2.9799999999999995,214.75,82.75,0.5337500000000001,2.5075000000000003,2.7837499999999995,1013.0,79.125,Clouds,FRC0,117.0,117.0,366.0,False,20.0,20.0,3.0,0.0
434,Route2,39.79954,-86.02738,3.83625,2.18375,202.5,79.5,2.275,3.4837499999999997,3.83625,1013.375,74.25,Clouds,FRC5,58.0,58.0,1215.0,False,20.0,20.0,20.0,0.02
435,Route2,39.79703,-86.11853,3.81375,2.18375,202.5,79.5,2.2475,3.4837499999999997,3.81375,1013.375,74.25,Clouds,FRC4,24.0,25.0,305.0,True,20.0,20.0,20.0,0.02
436,Route2,39.75571,-86.20654,3.83625,2.18375,202.5,79.5,2.275,3.4837499999999997,3.83625,1013.375,74.25,Clouds,FRC3,94.0,94.0,58.0,False,20.0,20.0,20.0,0.02
437,Route2,39.62819,-86.45005,13.110000000000001,2.4050000000000002,215.875,82.875,12.3125,12.2725,13.110000000000001,1011.25,58.5,Clouds,FRC0,118.0,118.0,468.0,False,20.0,20.0,0.0,0.0
438,Route2,39.5222,-86.89571,12.966249999999999,1.3125,238.0,89.625,12.625,12.501249999999999,12.966249999999999,1024.75,84.375,Clouds,FRC0,120.0,120.0,698.0,False,15.0,15.0,1.0,0.0
439,Route2,39.43076,-87.32095,3.78875,2.185,190.25,58.625,2.00875,3.3249999999999997,3.78875,1011.875,77.75,Clouds,FRC6,58.0,58.0,698.0,False,20.0,20.0,12.0,0.1666666666666666
440,Route2,39.42679,-87.55327,5.15375,3.9375,261.625,99.375,2.2087499999999998,4.575,5.15375,1011.5,72.625,Clouds,FRC0,118.0,118.0,429.0,False,11.0,11.0,0.0,0.0
441,Route2,39.40323,-87.74155,11.673750000000002,3.4325,234.125,59.875,10.58125,11.240000000000002,11.673750000000002,1014.125,67.75,Clouds,FRC0,118.0,118.0,298.0,False,5.0,5.0,0.0,0.0
442,Route2,39.2462,-88.18793,4.0675,5.43625,272.375,99.0,0.02375000000000002,3.7624999999999997,4.0675,1011.0,79.5,Clouds,FRC0,116.0,116.0,680.0,False,20.0,20.0,2.0,0.25
443,Route2,39.15006,-88.50894,4.046250000000001,2.49125,118.0,57.625,2.19875,3.99125,4.0725,1012.75,80.5,Clouds,FRC2,79.0,79.0,280.0,False,20.0,20.0,5.0,0.0
444,Route2,39.07614,-88.64371,18.146250000000002,2.9225,262.25,100.0,18.001250000000002,17.755,18.146250000000002,1013.75,76.0,Clouds,FRC0,120.0,120.0,205.0,False,16.0,16.0,0.0,0.0
445,Route2,39.02861,-88.79973,5.7437499999999995,2.23,155.875,99.875,4.046250000000001,4.7675,5.7437499999999995,1023.75,89.375,Rain,FRC2,84.0,84.0,145.0,False,5.0,5.0,0.0,0.0
446,Route2,38.97578,-89.04589,3.0837499999999998,3.0149999999999997,245.5,77.625,0.7075,2.61,3.0837499999999998,1013.125,76.875,Clouds,FRC0,120.0,120.0,410.0,False,13.0,13.0,0.0,0.0
447,Route2,38.91746,-89.25257,5.19625,2.76125,161.5,81.5,3.05125,4.4675,5.19625,1012.875,81.125,Clouds,FRC2,94.0,94.0,204.0,False,20.0,20.0,2.0,0.0
448,Route2,38.78341,-89.73437,16.42,1.75125,140.25,88.875,15.155000000000001,15.6675,16.42,1020.25,39.75,Clouds,FRC4,53.0,53.0,440.0,False,11.0,11.0,0.0,0.5
449,Route2,38.76203,-90.16306,5.75875,2.79625,127.25,70.75,3.6175000000000006,5.62625,5.75875,1012.5,78.125,Clouds,FRC4,43.0,43.0,113.0,False,20.0,20.0,1.0,0.0
450,Route2,38.75126,-90.44031,9.24875,4.51,279.625,89.625,7.347499999999999,8.94625,9.24875,1008.375,79.125,Clouds,FRC4,59.0,59.0,96.0,False,20.0,20.0,20.0,0.0
451,Route2,38.80374,-90.75686,0.0,0.0,0.0,0.0,0.0,0.0,0.0,0.0,0.0,,FRC0,116.0,116.0,183.0,False,20.0,20.0,20.0,0.0
452,Route2,38.84719,-91.27255,4.665,2.3962499999999998,164.125,87.125,2.73125,4.48,4.665,1012.75,83.75,Clouds,FRC0,119.0,119.0,193.0,False,20.0,20.0,0.0,0.0
453,Route2,38.9026,-91.47322,4.78375,3.23375,161.625,86.375,2.15375,4.48125,4.78375,1013.0,80.0,Clouds,FRC0,120.0,120.0,433.0,False,20.0,20.0,6.0,0.0
454,Route2,38.91512,-91.73655,13.354999999999999,2.46875,273.5,66.75,12.55875,12.6225,13.354999999999999,1009.875,68.75,Clouds,FRC2,105.0,105.0,197.0,False,4.0,4.0,0.0,0.0
455,Route2,38.95751,-92.16929,16.423750000000002,3.7450000000000006,258.875,69.0,15.5875,16.15875,16.423750000000002,1012.25,56.125,Clouds,FRC3,80.0,80.0,43.0,False,20.0,20.0,0.0,0.5
456,Route2,38.97211,-92.44116,16.423750000000002,3.7450000000000006,258.875,69.0,15.5875,16.15875,16.423750000000002,1012.25,56.125,Clouds,FRC0,114.0,114.0,202.0,False,20.0,20.0,4.0,0.5
457,Route2,38.93782,-92.68624,5.7775,3.3274999999999997,222.875,53.625,3.3125,5.392499999999999,5.7775,1012.75,79.0,Rain,FRC0,121.0,121.0,246.0,False,20.0,20.0,3.0,0.0
458,Route2,38.97408,-93.34636,5.655,3.8212499999999996,260.75,67.0,2.8387499999999997,5.6275,5.67375,1013.25,74.0,Clouds,FRC0,121.0,121.0,225.0,False,4.0,4.0,0.0,0.0
459,Route2,39.00821,-93.95002,13.76625,4.49625,183.75,0.0,11.97875,12.05875,13.76625,1017.875,27.625,Clear,FRC0,120.0,120.0,156.0,False,20.0,20.0,16.0,0.5
460,Route2,39.02742,-94.24742,5.188750000000001,3.4312500000000004,200.375,42.25,2.4862500000000005,4.6975,5.188750000000001,1013.25,76.625,Clouds,FRC0,87.0,87.0,23.0,False,20.0,20.0,20.0,0.0
461,Route2,39.0488,-94.46751,5.059999999999999,3.33875,245.25,30.625,2.445,4.48625,5.059999999999999,1013.125,73.625,Clear,FRC0,107.0,107.0,36.0,False,20.0,20.0,20.0,0.0416666666666666
462,Route2,39.09618,-94.564,5.059999999999999,3.33875,245.25,30.625,2.445,4.48625,5.059999999999999,1013.125,73.625,Clear,FRC4,56.0,56.0,104.0,False,20.0,20.0,20.0,0.0416666666666666
463,Route2,39.10582,-94.75197,5.059999999999999,3.33875,245.25,30.625,2.445,4.48625,5.059999999999999,1013.125,73.625,Clear,FRC0,123.0,123.0,303.0,False,20.0,20.0,20.0,0.0416666666666666
464,Route2,39.0618,-95.0469,4.47625,3.25875,270.375,42.875,1.9050000000000002,3.825,4.47625,1013.375,76.125,Clouds,FRC2,97.0,97.0,575.0,False,6.0,6.0,0.0,0.0
465,Route2,38.98995,-95.25518,4.57125,3.7462499999999994,268.5,41.125,1.5975,3.84375,4.57125,1013.375,73.5,Clouds,FRC0,125.0,125.0,447.0,False,20.0,20.0,20.0,0.1666666666666666
466,Route2,39.02692,-95.55641,3.40875,5.235,281.625,100.0,-0.73,3.2087499999999998,3.40875,1010.375,78.125,Clouds,FRC4,50.0,50.0,113.0,False,20.0,20.0,0.0,0.0
467,Route2,39.05927,-95.74472,4.338749999999999,4.36125,271.5,40.25,0.9549999999999997,3.6849999999999996,4.338749999999999,1013.625,72.75,Clouds,FRC0,124.0,124.0,117.0,False,20.0,20.0,20.0,0.1111111111111111
468,Route2,39.05901,-96.05485,4.31875,4.83375,280.25,34.75,0.6900000000000001,3.57375,4.31875,1014.25,72.125,Clouds,FRC0,127.0,127.0,68.0,False,9.0,9.0,2.0,0.0
469,Route2,39.06648,-96.66381,8.60875,3.8275,244.5,72.5,6.522499999999999,8.59,8.60875,1007.0,73.375,Clouds,FRC0,121.0,121.0,92.0,False,2.0,2.0,0.0,0.3333333333333333
470,Route2,38.99953,-96.85967,4.251250000000001,5.326250000000001,277.0,37.625,0.51125,3.6950000000000003,4.251250000000001,1014.875,64.125,Clear,FRC0,127.0,127.0,201.0,False,20.0,20.0,6.0,0.25
471,Route2,38.95296,-97.12502,13.072500000000002,3.97,137.0,0.25,11.4625,11.756250000000001,13.072500000000002,1017.75,28.25,Clear,FRC0,125.0,125.0,298.0,False,12.0,12.0,0.0,0.5
472,Route2,38.87845,-97.8267,3.15125,3.175,247.125,78.875,0.5574999999999999,2.7424999999999997,3.15125,1012.5,78.0,Clouds,FRC3,57.0,57.0,23.0,False,3.0,3.0,0.0,0.0
473,Route2,38.84902,-98.40546,9.055,3.4987500000000002,221.375,55.125,7.79875,8.925,9.095,1012.875,71.375,Clouds,FRC0,127.0,127.0,296.0,False,1.0,1.0,0.0,0.0
474,Route2,38.86016,-98.82201,14.75625,3.0012500000000006,265.5,88.75,14.12875,14.47,14.75625,1015.125,70.5,Clouds,FRC0,126.0,126.0,195.0,False,10.0,10.0,0.0,0.0
475,Route2,38.92173,-99.38483,14.688749999999999,3.87,190.5,24.125,13.063749999999999,13.524999999999999,14.688749999999999,1017.875,36.5,Clear,FRC0,127.0,127.0,234.0,False,6.0,6.0,0.0,0.2
476,Route2,39.02365,-100.00561,5.7225,5.289999999999999,277.25,27.75,2.3775,4.678749999999999,5.7225,1015.25,38.5,Clouds,FRC0,126.0,126.0,226.0,False,0.0,0.0,0.0,0.0
477,Route2,39.02846,-100.17866,0.0,0.0,0.0,0.0,0.0,0.0,0.0,0.0,0.0,,FRC0,127.0,127.0,346.0,False,1.0,1.0,0.0,0.0
478,Route2,39.1092,-100.47694,4.71,5.4275,274.625,21.5,0.9275,4.3525,4.76625,1015.5,38.25,Clouds,FRC0,126.0,126.0,273.0,False,20.0,20.0,1.0,0.0
479,Route2,39.11498,-100.8034,14.327499999999999,2.0975,296.75,82.75,13.76,13.976249999999999,14.327499999999999,1024.375,74.5,Clouds,FRC0,125.0,125.0,276.0,False,20.0,20.0,5.0,0.0
480,Route2,39.25108,-100.91926,4.72375,5.6875,277.5,19.875,0.8324999999999998,4.25625,4.72875,1015.625,39.5,Clear,FRC0,127.0,127.0,359.0,False,0.0,0.0,0.0,0.0
481,Route2,39.33549,-101.00603,4.72375,5.6875,277.5,19.875,0.8324999999999998,4.25625,4.72875,1015.625,39.5,Clear,FRC0,127.0,127.0,365.0,False,3.0,3.0,0.0,0.0
482,Route2,39.36587,-101.1492,4.72375,5.6875,277.5,19.875,0.8324999999999998,4.25625,4.72875,1015.625,39.5,Clear,FRC0,127.0,127.0,428.0,False,6.0,6.0,0.0,0.0
483,Route2,39.35303,-101.34418,7.126250000000001,3.0825,230.25,82.375,5.16625,7.07625,7.126250000000001,1006.125,82.125,Clouds,FRC0,126.0,126.0,414.0,False,2.0,2.0,0.0,0.0
484,Route2,39.33005,-101.70905,3.9025000000000003,4.987500000000001,274.5,15.5,0.05249999999999999,3.5975,3.98125,1016.875,38.5,Clouds,FRC0,127.0,127.0,229.0,False,20.0,20.0,20.0,0.0
485,Route2,39.32843,-101.88602,3.9025000000000003,4.987500000000001,274.5,15.5,0.05249999999999999,3.5975,3.98125,1016.875,38.5,Clouds,FRC0,127.0,127.0,67.0,False,8.0,8.0,0.0,0.0
486,Route2,39.31618,-102.186,9.23625,3.8137499999999998,274.5,67.125,7.45625,9.1125,9.23625,1007.75,77.375,Clouds,FRC2,91.0,91.0,503.0,False,3.0,3.0,0.0,0.5
487,Route2,39.28191,-103.03574,22.77875,2.41,245.125,99.75,23.176249999999996,22.769999999999996,23.046249999999997,1014.75,76.375,Clouds,FRC0,127.0,127.0,316.0,False,20.0,20.0,2.0,0.0
488,Route2,39.2667,-103.59646,3.2175000000000002,3.825,224.75,18.75,-0.1112500000000003,3.0675,3.2525,1014.75,43.75,Clear,FRC0,119.0,119.0,113.0,False,0.0,0.0,0.0,0.0
489,Route2,39.30865,-103.82204,3.2175000000000002,3.825,224.75,18.75,-0.1112500000000003,3.0675,3.2525,1014.75,43.75,Clear,FRC0,125.0,125.0,388.0,False,0.0,0.0,0.0,0.0
490,Route2,39.46186,-103.93695,7.36,1.60875,177.875,74.375,6.9262500000000005,6.7387500000000005,7.36,1015.75,94.25,Clouds,FRC0,118.0,118.0,424.0,False,9.0,9.0,0.0,0.0
491,Route2,39.61361,-104.03965,4.2212499999999995,4.3925,212.375,51.875,0.6612500000000001,4.137499999999999,4.30375,1013.125,42.625,Clouds,FRC0,125.0,125.0,282.0,False,20.0,20.0,1.0,0.0
492,Route2,39.72654,-104.26458,4.2212499999999995,4.3925,212.375,51.875,0.6612500000000001,4.137499999999999,4.30375,1013.125,42.625,Clouds,FRC4,94.0,94.0,187.0,False,3.0,3.0,0.0,0.0
493,Route2,39.77035,-104.80561,4.577500000000001,3.0324999999999998,203.25,57.25,2.04,4.404999999999999,4.577500000000001,1012.5,42.75,Clouds,FRC2,46.0,50.0,42.0,False,20.0,20.0,20.0,0.5
494,Route2,39.78505,-105.08576,5.20125,1.875,220.375,61.375,3.455,5.20125,5.3275,1013.375,45.25,Clouds,FRC4,43.0,43.0,66.0,False,20.0,20.0,20.0,0.0
495,Route2,39.73048,-105.17137,5.36875,1.6162500000000002,210.75,57.0,4.0962499999999995,5.36875,5.7525,1012.75,47.25,Clouds,FRC4,41.0,41.0,131.0,False,20.0,20.0,20.0,0.0
496,Route2,39.70403,-105.25986,5.36875,1.6162500000000002,210.75,57.0,4.0962499999999995,5.36875,5.7525,1012.75,47.25,Clouds,FRC2,65.0,65.0,336.0,False,20.0,20.0,0.0,0.0
497,Route2,39.74377,-105.44439,2.82875,2.52875,269.375,49.875,0.6662500000000002,2.82875,2.9387499999999998,1012.875,50.5,Clouds,FRC0,99.0,99.0,76.0,False,20.0,20.0,2.0,0.3333333333333333
498,Route2,39.76444,-105.59137,1.96,7.86625,282.375,25.375,-3.7125,1.96,2.2475,1013.0,62.75,Clouds,FRC0,73.0,108.0,324.0,False,20.0,20.0,2.0,0.0
499,Route2,39.6945,-105.73096,1.9849999999999999,7.86625,282.375,25.375,-3.68,1.9849999999999999,2.2475,1013.0,62.5,Clouds,FRC0,24.0,108.0,716.0,False,20.0,20.0,0.0,0.0
500,Route2,39.67705,-105.95378,16.67,3.5075,260.125,98.625,16.01125,16.409999999999997,16.69375,1012.0,62.0,Clouds,FRC2,65.0,83.0,297.0,False,5.0,5.0,0.0,0.0
501,Route2,39.58586,-106.10829,12.241249999999999,3.53375,296.875,0.0,10.370000000000001,11.26125,12.241249999999999,1016.875,37.125,Clear,FRC0,71.0,106.0,281.0,False,20.0,20.0,20.0,0.0
502,Route2,39.50441,-106.17786,12.241249999999999,3.53375,296.875,0.0,10.370000000000001,11.26125,12.241249999999999,1016.875,37.125,Clear,FRC0,12.0,102.0,5034.0,True,20.0,20.0,13.0,0.0
503,Route2,39.63207,-106.28809,13.36625,1.4162499999999998,149.0,21.375,11.96,12.16875,13.36625,1018.625,28.375,Clouds,FRC4,45.0,56.0,868.0,False,20.0,20.0,0.0,0.0
504,Route2,39.61952,-106.43263,-1.08625,2.41125,250.875,86.25,-4.11,-1.285,-1.08625,1021.75,89.625,Snow,FRC0,115.0,115.0,82.0,False,20.0,20.0,11.0,0.0
505,Route2,39.64867,-106.5848,-0.1524999999999999,2.0125,232.75,90.25,-2.60375,-0.4762499999999999,-0.1524999999999999,1022.5,91.125,Snow,FRC2,57.0,76.0,655.0,False,20.0,20.0,20.0,0.0
506,Route2,39.70827,-106.69168,5.7749999999999995,2.9712499999999995,243.0,79.375,3.7925000000000004,5.7212499999999995,5.7749999999999995,1005.875,85.125,Clouds,FRC0,121.0,121.0,480.0,False,19.0,19.0,3.0,0.0
507,Route2,39.65218,-106.9572,0.7349999999999999,1.9512500000000002,216.5,91.25,-1.2787499999999998,0.37,0.7349999999999999,1023.875,92.25,Snow,FRC0,108.0,108.0,273.0,False,20.0,20.0,14.0,0.0
508,Route2,39.56989,-107.2269,2.1799999999999997,1.6800000000000002,261.75,95.125,0.6212500000000001,1.7850000000000001,2.1799999999999997,1023.875,92.875,Snow,FRC0,109.0,109.0,111.0,False,8.0,8.0,0.0,0.0
509,Route2,39.56697,-107.48912,2.1799999999999997,1.6800000000000002,261.75,95.125,0.6212500000000001,1.7850000000000001,2.1799999999999997,1023.875,92.875,Snow,FRC0,125.0,125.0,362.0,False,20.0,20.0,4.0,0.0
510,Route2,39.52041,-107.79188,3.0375,0.5375000000000001,164.625,95.125,3.0375,1.7125,3.0375,1024.25,83.5,Snow,FRC0,125.0,125.0,255.0,False,20.0,20.0,20.0,0.0
511,Route2,39.47479,-108.01806,3.0375,0.5375000000000001,164.625,95.125,3.0375,1.7125,3.0375,1024.25,83.5,Snow,FRC0,126.0,126.0,607.0,False,6.0,6.0,1.0,0.0
512,Route2,39.369,-108.16988,3.7925000000000004,0.97,129.25,88.875,3.40125,2.51625,3.7925000000000004,1024.625,90.25,Clouds,FRC0,114.0,114.0,659.0,False,0.0,0.0,0.0,0.0
513,Route2,39.2449,-108.25616,3.7925000000000004,0.97,129.25,88.875,3.40125,2.51625,3.7925000000000004,1024.625,90.25,Clouds,FRC0,116.0,116.0,631.0,False,1.0,1.0,0.0,0.0
514,Route2,39.15742,-108.3011,15.96875,1.07375,166.75,27.375,14.501249999999999,15.372500000000002,15.96875,1021.375,33.75,Clouds,FRC0,121.0,121.0,226.0,False,17.0,17.0,0.0,0.0
515,Route2,39.10482,-108.47055,5.88625,1.1424999999999998,168.0,78.75,5.467499999999999,5.16,5.88625,1023.25,64.375,Clouds,FRC0,117.0,117.0,192.0,False,20.0,20.0,20.0,0.0
516,Route2,39.14446,-108.71412,5.241250000000001,0.7662499999999999,128.125,79.375,5.241250000000001,4.40125,5.241250000000001,1023.0,67.0,Clouds,FRC4,69.0,69.0,103.0,False,20.0,20.0,20.0,0.0
517,Route2,39.23063,-108.90213,4.0825,2.00875,238.75,84.25,2.8225000000000002,3.37625,4.0825,1013.0,75.375,Clouds,FRC0,123.0,123.0,444.0,False,1.0,1.0,0.0,0.0
518,Route2,39.19104,-109.04284,3.9287499999999995,2.1525,234.25,84.125,2.56125,3.17625,3.9287499999999995,1013.0,75.75,Clouds,FRC0,124.0,124.0,283.0,False,5.0,5.0,0.0,0.0
519,Route2,39.14777,-109.15074,6.0975,2.6925,214.25,81.25,4.234999999999999,6.0975,6.2475,1005.875,86.25,Clouds,FRC0,129.0,129.0,336.0,False,0.0,0.0,0.0,0.0
520,Route2,38.97631,-109.35398,6.0975,2.6925,214.25,81.25,4.234999999999999,6.0975,6.2475,1005.875,86.25,Clouds,FRC0,129.0,129.0,502.0,False,0.0,0.0,0.0,0.0
521,Route2,38.94042,-109.50688,6.0975,2.6925,214.25,81.25,4.234999999999999,6.0975,6.2475,1005.875,86.25,Clouds,FRC0,129.0,129.0,502.0,False,0.0,0.0,0.0,0.0
522,Route2,38.95574,-109.70568,6.0975,2.6925,214.25,81.25,4.234999999999999,6.0975,6.2475,1005.875,86.25,Clouds,FRC0,128.0,128.0,295.0,False,13.0,13.0,1.0,0.0
523,Route2,38.92672,-109.99816,6.0975,2.6925,214.25,81.25,4.234999999999999,6.0975,6.2475,1005.875,86.25,Clouds,FRC0,126.0,126.0,508.0,False,0.0,0.0,0.0,0.0
524,Route2,38.98882,-110.16976,2.6937499999999996,10.62125,272.375,93.375,-3.6237500000000002,2.60625,2.6937499999999996,1015.25,69.625,Clouds,FRC0,125.0,125.0,422.0,False,20.0,20.0,9.0,0.0
525,Route2,38.9252,-110.414,2.6937499999999996,10.62125,272.375,93.375,-3.6237500000000002,2.60625,2.6937499999999996,1015.25,69.625,Clouds,FRC0,114.0,114.0,567.0,False,7.0,7.0,0.0,0.0
526,Route2,38.87446,-110.75351,2.6937499999999996,10.62125,272.375,93.375,-3.6237500000000002,2.60625,2.6937499999999996,1015.25,69.625,Clouds,FRC0,125.0,125.0,391.0,False,2.0,2.0,0.0,0.0
527,Route2,38.81725,-111.17471,3.5275,3.5687499999999996,289.25,74.75,0.3325000000000001,3.5175,3.56625,1022.5,90.25,Snow,FRC0,120.0,120.0,413.0,False,0.0,0.0,0.0,0.0
528,Route2,38.76469,-111.35697,4.7275,5.52375,276.5,33.125,1.045,4.58375,4.87,1008.75,58.25,Clear,FRC0,117.0,117.0,581.0,False,0.0,0.0,0.0,0.5
529,Route2,38.80489,-111.52744,4.7275,5.52375,276.5,33.125,1.045,4.58375,4.87,1008.75,58.25,Clear,FRC0,109.0,109.0,596.0,False,0.0,0.0,0.0,0.5
530,Route2,38.9055,-111.63814,4.7275,5.52375,276.5,33.125,1.045,4.58375,4.87,1008.75,58.25,Clear,FRC0,111.0,111.0,619.0,False,2.0,2.0,0.0,0.5
531,Route2,38.93391,-111.85562,4.7275,5.52375,276.5,33.125,1.045,4.58375,4.87,1008.75,58.25,Clear,FRC0,127.0,127.0,355.0,False,20.0,20.0,12.0,0.5
532,Route2,38.82317,-112.04384,0.2137499999999999,2.1062499999999997,159.875,59.25,-2.2699999999999996,-0.22875,0.2137499999999999,1011.875,80.75,Clouds,FRC4,40.0,40.0,314.0,False,4.0,4.0,0.0,0.0
533,Route2,38.70293,-112.1423,5.06625,1.56375,191.5,64.125,4.1775,4.897500000000001,5.06625,1023.5,74.5,Clouds,FRC4,85.0,85.0,389.0,False,19.0,19.0,1.0,0.0
534,Route2,38.6056,-112.23551,4.01375,1.8812499999999996,198.5,98.125,2.3637500000000005,3.9774999999999996,4.043749999999999,1018.625,91.625,Clouds,FRC0,120.0,120.0,288.0,False,16.0,16.0,0.0,0.0
535,Route2,38.55157,-112.3673,10.298749999999998,2.11375,298.625,3.125,8.7625,8.6175,10.298749999999998,1016.25,53.625,Clear,FRC0,115.0,115.0,462.0,False,6.0,6.0,0.0,0.0
536,Route2,38.59334,-112.50277,10.298749999999998,2.11375,298.625,3.125,8.7625,8.6175,10.298749999999998,1016.25,53.625,Clear,FRC0,113.0,113.0,324.0,False,0.0,0.0,0.0,0.0
537,Route2,38.60041,-112.55875,0.0,0.0,0.0,0.0,0.0,0.0,0.0,0.0,0.0,,FRC0,124.0,124.0,59.0,False,5.0,5.0,0.0,0.0
538,Route2,38.54701,-112.60818,8.571250000000001,4.13875,209.0,78.125,6.6425,8.571250000000001,8.66,1006.375,75.0,Clouds,FRC0,128.0,128.0,423.0,False,0.0,0.0,0.0,0.5
539,Route2,38.37353,-112.66266,15.756249999999998,2.7087499999999998,292.75,77.875,15.121250000000002,15.37125,15.756249999999998,1011.125,66.375,Clouds,FRC4,61.0,61.0,189.0,False,0.0,0.0,0.0,0.3333333333333333
540,Route2,38.17061,-112.62296,5.69375,4.359999999999999,259.75,89.625,2.6012500000000003,5.043749999999999,5.69375,1010.375,71.875,Clouds,FRC0,131.0,131.0,302.0,False,0.0,0.0,0.0,0.0
541,Route2,37.95526,-112.75187,5.75625,1.74375,218.125,50.875,4.688750000000001,4.9825,5.75625,1022.5,68.625,Clouds,FRC0,129.0,129.0,200.0,False,0.0,0.0,0.0,0.0
542,Route2,37.82957,-112.89636,4.60375,4.94125,262.125,100.0,0.9337500000000001,4.365,4.60375,1010.0,78.25,Clouds,FRC0,128.0,128.0,357.0,False,8.0,8.0,0.0,0.0
543,Route2,37.71177,-113.06821,6.039999999999999,1.885,183.75,47.125,5.077500000000001,5.321249999999999,6.039999999999999,1022.5,59.75,Clouds,FRC0,124.0,124.0,84.0,False,20.0,20.0,13.0,0.0
544,Route2,37.64269,-113.09084,6.039999999999999,1.885,183.75,47.125,5.077500000000001,5.321249999999999,6.039999999999999,1022.5,59.75,Clouds,FRC0,126.0,126.0,271.0,False,20.0,20.0,20.0,0.0
545,Route2,37.56809,-113.18538,6.039999999999999,1.885,183.75,47.125,5.077500000000001,5.321249999999999,6.039999999999999,1022.5,59.75,Clouds,FRC0,130.0,130.0,90.0,False,2.0,2.0,0.0,0.0
546,Route2,37.36702,-113.25847,10.44375,1.00375,129.75,54.0,9.40125,9.52625,10.44375,1022.75,49.0,Clouds,FRC0,130.0,130.0,144.0,False,2.0,2.0,0.0,0.5
547,Route2,37.23291,-113.37059,12.807500000000001,2.88375,254.25,50.125,11.735,12.431250000000002,12.807500000000001,1014.625,64.375,Clouds,FRC0,117.0,117.0,116.0,False,20.0,20.0,3.0,0.0
548,Route2,37.08962,-113.57667,0.0,0.0,0.0,0.0,0.0,0.0,0.0,0.0,0.0,,FRC3,61.0,61.0,38.0,False,20.0,20.0,20.0,0.0
549,Route2,36.98199,-113.64918,9.5525,4.89375,182.25,12.375,7.305,8.5025,9.5525,1016.75,32.375,Clear,FRC0,115.0,115.0,467.0,False,0.0,0.0,0.0,0.0
550,Route2,36.89438,-113.91518,9.5525,4.89375,182.25,12.375,7.305,8.5025,9.5525,1016.75,32.375,Clear,FRC0,123.0,123.0,382.0,False,20.0,20.0,5.0,0.0
551,Route2,36.80288,-114.10832,13.20875,3.7512499999999998,242.625,0.0,11.43375,12.28125,13.20875,1017.375,37.25,Clear,FRC0,124.0,124.0,374.0,False,20.0,20.0,20.0,0.0
552,Route2,36.77787,-114.27258,13.20875,3.7512499999999998,242.625,0.0,11.43375,12.28125,13.20875,1017.375,37.25,Clear,FRC0,128.0,128.0,538.0,False,2.0,2.0,0.0,0.0
553,Route2,36.67742,-114.51436,13.20875,3.7512499999999998,242.625,0.0,11.43375,12.28125,13.20875,1017.375,37.25,Clear,FRC0,127.0,127.0,494.0,False,4.0,4.0,0.0,0.0
554,Route2,36.4911,-114.78396,13.02,0.8887499999999999,104.0,75.375,12.103749999999998,12.544999999999998,13.02,1021.75,42.5,Clouds,FRC0,125.0,125.0,522.0,False,7.0,7.0,1.0,0.0
555,Route2,36.34805,-114.90846,13.835,1.08875,67.0,66.625,12.21125,13.10375,13.835,1021.625,35.875,Clouds,FRC0,116.0,116.0,235.0,False,8.0,8.0,0.0,0.0
556,Route2,36.25073,-115.08923,13.835,1.08875,67.0,66.625,12.21125,13.10375,13.835,1021.625,35.875,Clouds,FRC4,54.0,54.0,63.0,False,20.0,20.0,20.0,0.0
557,Route2,36.09044,-115.18086,13.37375,0.9025000000000001,62.5,67.625,11.969999999999999,12.56375,13.37375,1021.5,37.625,Clouds,FRC0,114.0,114.0,111.0,False,20.0,20.0,20.0,0.0714285714285714
558,Route2,35.92714,-115.19561,13.37375,0.9025000000000001,62.5,67.625,11.969999999999999,12.56375,13.37375,1021.5,37.625,Clouds,FRC0,130.0,130.0,574.0,False,20.0,20.0,0.0,0.0714285714285714
559,Route2,35.76603,-115.33931,11.555,1.40625,152.625,93.75,11.30875,10.74625,11.555,1017.0,94.75,Rain,FRC0,126.0,126.0,566.0,False,20.0,20.0,1.0,0.0
560,Route2,35.50836,-115.43413,0.0,0.0,0.0,0.0,0.0,0.0,0.0,0.0,0.0,,FRC0,130.0,130.0,227.0,False,2.0,2.0,0.0,0.0
561,Route2,35.46906,-115.53583,0.0,0.0,0.0,0.0,0.0,0.0,0.0,0.0,0.0,,FRC0,127.0,127.0,395.0,False,5.0,5.0,0.0,0.0
562,Route2,35.43994,-115.68649,0.0,0.0,0.0,0.0,0.0,0.0,0.0,0.0,0.0,,FRC0,122.0,122.0,285.0,False,9.0,9.0,3.0,0.0
563,Route2,35.28446,-116.04508,15.607500000000002,2.94375,274.5,70.125,14.767499999999998,14.863750000000003,15.607500000000002,1017.0,59.125,Clouds,FRC0,119.0,119.0,253.0,False,20.0,20.0,5.0,0.0
564,Route2,35.1753,-116.17349,15.608750000000004,2.94375,274.5,70.125,14.76125,14.863750000000003,15.608750000000004,1017.0,58.875,Clouds,FRC0,119.0,119.0,429.0,False,1.0,1.0,0.0,0.0
565,Route2,35.00947,-116.53605,13.5275,1.16625,242.375,63.625,12.5125,12.60875,13.5275,1021.625,40.625,Clouds,FRC0,123.0,123.0,338.0,False,0.0,0.0,0.0,0.0
566,Route2,34.93054,-116.71846,13.5275,1.16625,242.375,63.625,12.5125,12.60875,13.5275,1021.625,40.625,Clouds,FRC4,75.0,75.0,808.0,False,0.0,0.0,0.0,0.0
567,Route2,34.90348,-116.98476,13.16375,0.95875,218.25,69.25,12.2375,12.216250000000002,13.16375,1021.25,45.0,Clouds,FRC3,92.0,92.0,270.0,False,20.0,20.0,20.0,0.0
568,Route2,34.8388,-117.08943,13.16375,0.95875,218.25,69.25,12.2375,12.216250000000002,13.16375,1021.25,45.0,Clouds,FRC0,122.0,122.0,269.0,False,20.0,20.0,20.0,0.0
569,Route2,34.72777,-117.18983,11.267500000000002,1.22375,213.75,74.125,10.318749999999998,10.103750000000002,11.267500000000002,1021.5,50.25,Clouds,FRC0,124.0,124.0,187.0,False,0.0,0.0,0.0,0.0
570,Route2,34.54567,-117.30034,11.46875,0.92125,158.0,78.625,10.527500000000002,10.375,11.46875,1021.5,50.125,Clouds,FRC4,52.0,52.0,431.0,False,20.0,20.0,20.0,0.0
571,Route2,34.4376,-117.37202,11.133750000000001,1.24375,173.5,81.5,10.1125,10.196250000000001,11.133750000000001,1019.625,46.5,Clouds,FRC0,102.0,102.0,184.0,False,20.0,20.0,20.0,0.0
572,Route2,34.34658,-117.47796,13.188749999999999,2.50125,328.25,74.5,11.72125,12.01125,13.188749999999999,1021.25,39.75,Clouds,FRC4,94.0,94.0,390.0,False,3.0,3.0,0.0,0.2
573,Route2,34.24884,-117.44121,13.188749999999999,2.50125,328.25,74.5,11.72125,12.01125,13.188749999999999,1021.25,39.75,Clouds,FRC4,86.0,86.0,119.0,False,16.0,16.0,0.0,0.2
574,Route2,34.20445,-117.41465,13.188749999999999,2.50125,328.25,74.5,11.72125,12.01125,13.188749999999999,1021.25,39.75,Clouds,FRC0,122.0,122.0,93.0,False,20.0,20.0,3.0,0.2
575,Route2,34.15355,-117.47547,16.9,1.485,135.25,71.25,15.692499999999999,16.327499999999997,16.9,1019.875,40.125,Clouds,FRC4,53.0,53.0,138.0,False,20.0,20.0,20.0,0.0
576,Route2,34.13579,-117.58413,17.365,1.49875,137.75,89.375,16.17875,16.8475,17.365,1020.125,39.125,Clouds,FRC3,37.0,56.0,149.0,False,20.0,20.0,20.0,0.0
577,Route2,34.11959,-117.75316,17.8,1.31125,122.875,67.375,16.6575,17.35875,17.8,1019.625,39.125,Clouds,FRC4,57.0,57.0,69.0,False,20.0,20.0,20.0,0.0
578,Route2,34.12311,-117.96775,18.876250000000002,1.0262499999999999,220.5,68.125,17.89375,18.490000000000002,18.900000000000002,1019.5,41.125,Clouds,FRC0,116.0,116.0,69.0,False,20.0,20.0,20.0,0.0
579,Route2,34.06454,-118.01102,18.765,0.9600000000000001,222.125,76.375,17.78875,18.417499999999997,18.81375,1019.5,41.875,Clouds,FRC4,43.0,43.0,106.0,False,20.0,20.0,20.0,0.5
580,Route2,34.07125,-118.14618,18.24625,1.1800000000000002,235.375,67.375,17.2075,17.89375,18.30375,1019.5,41.375,Clouds,FRC4,54.0,54.0,166.0,False,20.0,20.0,20.0,0.0
581,Route2,34.05358,-118.24544,18.090000000000003,1.2112500000000002,217.75,67.75,17.112499999999997,17.7875,18.118750000000002,1020.25,44.375,Clouds,FRC4,54.0,54.0,166.0,False,20.0,20.0,20.0,0.005813953488372
